Title,score,upvote_ratio,num_comments,img_file,created_utc,created_time,logged_time,over_18,full_link,url,GCloud
America is fascinating in a scary way,1053,0.0,36,UkRpJ7o.png,1372600447,2013-06-30 13:54:07,2014-09-30 20:07:49,False,/r/memes/comments/1hd4i3/america_is_fascinating_in_a_scary_way/,http://i.imgur.com/UkRpJ7o.png,"SPY ON HALF THE WORLD AND NOBODY CARES
AN OLD LADY USES THE N-WORD AND EVERYONE
LOSES THEIR MIND
made on imgur
"
When roommates don't know that the other is a redditor (x-reposts/r/adviceanimals),870,0.0,22,SuFpZwO.png,1369235205,2013-05-22 15:06:45,2014-10-03 07:53:46,False,/r/memes/comments/1eu5po/when_roommates_dont_know_that_the_other_is_a/,http://i.imgur.com/SuFpZwO.png,"MY ASSHOLE ROOMMATES STEAL Our roommate lies to us about
MY STUFF AND NEVER CLEAN
the heat and electricity bills
SOI LIE TO THEM ABOUT THE HEAT
AND ELECTRIC BILLS AND MAKE
THEM PAY FOR IT ALL
So we steal from him
and never clean
quickmeme.com
quickmeme.coo
"
Wake up America!,829,0.0,77,L30UKwB.jpg,1359570160,2013-01-30 18:22:40,2014-10-12 20:28:18,False,/r/memes/comments/17ko5v/wake_up_america/,http://i.imgur.com/L30UKwB.jpg,"A TEACHER IN FINLAND EXPLAINS WHY
HER COUNTRY'S SCHOOL SYSTEM IS THE
BEST IN THE WORLD:
Holakyyh""
atomeis ta.
WE PAYTEACHERS LIKE DOCTORS, STUDENTS ENJOY
OVER AN HOUR OF RECESS, AND THERE'S NO
MANDATORY TESTING-THE OPPOSITE OF WHAT
AMERICA DOES
PORTUGAL'S PRESIDENT EXPLAINS HOW HIS
COUNTRY CUT DRUG ADDICTION IN HALF:
""WE DECRIMINALIZED ALL DRUGS AND TREAT
ADDICTION AS A PUBLIC HEALTH ISSUE INSTEAD OF A
CRIME-THE OPPOSITE OF WHAT AMERICA DOES.""
ICELAND'S PRESIDENT EXPLAINS HOW HIS
COUNTRY RECOVERED SO QUICKLY FROM THE
RECESSION:
""THE GOVERNMENT BAILED OUT THE PEOPLE AND
IMPRISONED THE BANKSTERS-THE OPPOSITE OF
WHAT AMERICA AND THE REST OF EUROPE DID.""
"
Its really all her fault,671,0.0,12,TuyxKwh.jpg,1368537400,2013-05-14 13:16:40,2014-10-03 21:58:09,False,/r/memes/comments/1eb8qp/its_really_all_her_fault/,http://i.imgur.com/TuyxKwh.jpg,"Continuously supports him in breaking the Jedi Code
Complains when he turns to the Dark Side
MemeCenter
memecenter.com
"
Well it makes sense....,611,0.0,19,GKnj8uM.jpg,1370282408,2013-06-03 18:00:08,2014-10-02 20:29:35,False,/r/memes/comments/1fleoy/well_it_makes_sense/,http://i.imgur.com/GKnj8uM.jpg,"WE SHOULD BE
ABLE TO TEXT 911
IN CASE WERE HIDING FROM A KILLER
AND DON'T WANT THEM TO HEAR US
"
I like boobies.,590,0.0,15,N4vJi7W.jpg,1360529747,2013-02-10 20:55:47,2014-10-12 03:52:36,False,/r/memes/comments/189jfk/i_like_boobies/,http://i.imgur.com/N4vJi7W.jpg,"THIS ISN'T A MEME
I JUST LIKE LOOKING
AT HER BOOBS
quckmeme.com
"
"If you can't afford a lawyer, one will be provided for you...",556,0.0,43,imAF8Qo.jpg,1369068707,2013-05-20 16:51:47,2014-10-03 09:51:01,False,/r/memes/comments/1epbdh/if_you_cant_afford_a_lawyer_one_will_be_provided/,http://i.imgur.com/imAF8Qo.jpg,"IFYOU CAN NOT AFFORDA LAWYER,
ONE WILL BE APPOINTED TO YOU
IF YOU CANNOTAFFORDADOCTOR,
LOL TOUGH SHIT BRO
"
I hate that damn clown,476,0.0,5,NK4xDfH.jpg,1367498338,2013-05-02 12:38:58,2014-10-07 11:52:15,False,/r/memes/comments/1djpiz/i_hate_that_damn_clown/,http://i.imgur.com/NK4xDfH.jpg,"YOU TELL THAT CLOWN, THE
NEXT TIME I FIND APPLES IN
MY HAPPY MEAL
WE WILL BE
ADDING 2 MORE
BALLS TO THE
MCPLAY PLACE PIT
"
"Doubt this will catch on, but here's Three Things Linus",460,0.0,15,3uk8z7.jpg,1369493379,2013-05-25 14:49:39,2014-10-03 05:05:29,False,/r/memes/comments/1f14es/doubt_this_will_catch_on_but_heres_three_things/,http://i.qkme.me/3uk8z7.jpg,"THERE ARE THREE THINGS IVE LEARNED
NEVER TO DISCUSS WITH REDDIT
(C )
RELIGION, POLITICS, AND THE
CONTENTS OF THE SAFE
quickmeme.com
"
At least half the time....,449,0.0,11,brBuKY0.jpg,1364292530,2013-03-26 10:08:50,2014-10-10 12:16:28,False,/r/memes/comments/1b187j/at_least_half_the_time/,http://i.imgur.com/brBuKY0.jpg,"ITS NOT ATTENTION DEFICIT
DISORDER
I JUST HATE YOUR
FUCKING CLASS
"
I had this thought today,436,0.0,9,lC4a64M.jpg,1370439963,2013-06-05 13:46:03,2014-10-02 18:28:42,False,/r/memes/comments/1fpxsa/i_had_this_thought_today/,http://imgur.com/lC4a64M.jpg,"IF YOU HIT AN IRISHMAN WITH
ASNOW GLOBE
IS THAT CALLED A KNICK
KNACK PADDY WHACK
"
... I just prefer curves!,433,0.0,39,K0g1L39.jpg,1358709534,2013-01-20 19:18:54,2014-10-13 06:04:58,False,/r/memes/comments/16xxik/i_just_prefer_curves/,http://i.imgur.com/K0g1L39.jpg,"AM I THE ONLY ONE AROUND
HERE
WHO DOESN'T FIND WASHBOARD ABS ON A FEMALE
ATTRACTIVE?
memegenerator.net
"
Good Guy Couch,432,0.0,16,Q8T9Z2E.jpg,1366068535,2013-04-15 23:28:55,2014-10-09 01:02:28,False,/r/memes/comments/1cf9ku/good_guy_couch/,http://i.imgur.com/Q8T9Z2E.jpg,"WHATSTHAT?
YOUR WIFE IS MAKING YOU
SLEEP ON THE COUCH?
HOLD ON.
GET IN, BRO
"
Makes you wonder...,410,0.0,9,SJKPyq0.jpg,1368134458,2013-05-09 21:20:58,2014-10-07 05:25:48,False,/r/memes/comments/1e0zbw/makes_you_wonder/,http://i.imgur.com/SJKPyq0.jpg,"IF MARY GAVE BIRTH TO JESUS
AND JESUS IS THE LAMB OF GOD.
DID MARY HAVE A
LITTLE LAMB?
zipmeme
"
Cancel gravity with nano-grip you say? Challenge accepted!,396,0.0,22,e57cxdW.jpg,1360775707,2013-02-13 17:15:07,2014-10-12 01:12:19,False,/r/memes/comments/18gcn8/cancel_gravity_with_nanogrip_you_say_challenge/,http://i.imgur.com/e57cxdW.jpg,"Me on computer
C D www.nano-grip.com
NanoGrip
IceGrips
Buy 82B
Resellers Contact a
Checkout Basket
NANOGRIP
Tired of your items flying all over the place?
Cancel gravity with the Nano-Grip sticky pad for only £91 Free shippng
NANO-ERIP.DH
IP.DH
Buy Now The versatle gadget that keeps your items in place within reach
NanoGrip is a unique adhesive mat, that removes any need for
expensive smartphone holders, or cumbersome GPS mounts
You simply place the sticky pad on the dashboard of the car- or any other surface
and then press the tem you want stuck, onto it
(15%
e NanoGrip sticky mat wl then
Rems stuck to the
braking, and tight tums Only your imagination sets the imits for its uses.
be held in place-even during hard
extra
dichynass
Other uses for NanoGrip
Using the NanoGrip
How Does NangGrip Worko
Other uses for NanoGrip
In the Car on the dashboard - Keep track of small change glasses, pens or
A demonstration of our fantastic Nano-G
oher small tems, that you need to keep handy, when using the car. Place
NanoGrip stickor mat on the car door, the dashboard, and press vour celghone.
mp3 player, IPad, IPod, glasses og GPS navigation onto it aterwards. to make it
sick in place Althe Computer- Atach your mouse, speakers, headphones or
CLICK & READ MORE
Cancel Gravityyousay?
Challenge accepted!
O www.nano-grip.com/buy-nanogrip
NanoGrip
IceGrip
Buy »
B2B»
Re
NANOGRIP
Buy Nanogrip
000ooh Yeah!
Quantity
10
15% Price 9,00 £
ORDER NOW
nano CRIP D
DADO RIP A
NANO-GRIP.DK
NAnO-GRIP.DK
NANO-GRIP.DK
NANO-GRIP.DH
NANO-GRIP.DK
NANO-GRIP.DK
Nano-GRIP.DR
NANO-GRIP.DK
Large Cooking Pot
Weight: 4 kg
Coffee Machine
Wennt:g
Wtf!!!
My Preous!
Alienwar M18
Weight
A4 Xerox paper
Weight: 12kg
en Business
xerox
Laser, copler and inkjet
Refridgerator:
Weight= ?? HEAVY!
Not Bad
Great Success!
1'
"
Because I'm sick of teachers getting all the blame: Hopeless High School Students.,390,0.0,18,9Jx0t42.png,1358927338,2013-01-23 07:48:58,2014-10-13 03:35:35,False,/r/memes/comments/1742ar/because_im_sick_of_teachers_getting_all_the_blame/,http://i.imgur.com/9Jx0t42.png,"TEACHER GIVES INSTRUCTIONS THREE
TIMES AND WRITES THEM ON THE
BOARD
""WHAT RE WE SUPPOSED TO BE
DOING?""
"
A kid I babysit dropped this one on me today... He has a valid point.,389,0.0,17,7eNdzUQ.jpg,1369548074,2013-05-26 06:01:14,2014-10-03 04:30:05,False,/r/memes/comments/1f2jf4/a_kid_i_babysit_dropped_this_one_on_me_today_he/,http://i.imgur.com/7eNdzUQ.jpg,"IF YOU HAVE X-RAY VISION
AND CAN SEE THROUGH
EVERYTHING. WOULDNT
THAT MEAN YOÚ SEE
NOTHING?
"
Anything.,386,0.0,21,c0wcRPE.jpg,1363271243,2013-03-14 14:27:23,2014-10-10 22:57:27,False,/r/memes/comments/1aaa4o/anything/,http://i.imgur.com/c0wcRPE.jpg,"THEY SAID I COULD BE ANYTHING I WANT
SOI DID
BARBER
BOOKWORM
ASTRONUT SEA GANGSTER NOIR PIRATE ROGUE AGENT
JOKER
TRANNY
GREASER
GROOM
FATHER
BROTHER
PSYCHIC
DETECTIVE
PSYCHOTIC
WRITER #1
PSYCHOTIC
WRITER #2
PSYCHOTIC
PSYCHOTIC-
DIRECTOR
DETECTIVE
WRITER #3
CHOCOLATE
MAKER
TEA
DRINKER
CHOCOLATE
POT
SMOKER
POT
DEALER
EMO
WOLVERINE
EATER
"
Give it back before I get upset.,363,0.0,2,mks4dZK.jpg,1370107730,2013-06-01 17:28:50,2014-10-02 22:25:06,False,/r/memes/comments/1fh0ga/give_it_back_before_i_get_upset/,http://i.imgur.com/mks4dZK.jpg,"YOU COME TO ME ON THIS, THE DAY OF MY FIRST
BIRTHDAY
AND TAKE MY NOSE?
"
My life as a single college kid,355,0.0,7,bhWxlcf.jpg,1362361591,2013-03-04 01:46:31,2014-10-11 08:38:20,False,/r/memes/comments/19m015/my_life_as_a_single_college_kid/,http://i.imgur.com/bhWxlcf.jpg,"A lovely cheese pizza just for me
"
I don't really wanna spoil the image with this title...,343,0.0,15,voe7b8x.jpg,1362315307,2013-03-03 12:55:07,2014-10-11 09:06:37,False,/r/memes/comments/19kp0p/i_dont_really_wanna_spoil_the_image_with_this/,http://i.imgur.com/voe7b8x.jpg,"Where will YOU be
when diarrhea strikes?
"
If you bowl you will understand,341,0.0,8,X4i2JS6.jpg,1363727168,2013-03-19 21:06:08,2014-10-10 18:03:59,False,/r/memes/comments/1am9bt/if_you_bowl_you_will_understand/,http://i.imgur.com/X4i2JS6.jpg,"How I feel walking
Away from a strike in bowling
"
The Life-Vest Was Unnecessary,339,0.0,4,bCaiLqN.jpg,1370587598,2013-06-07 06:46:38,2014-10-02 16:24:13,False,/r/memes/comments/1fujvb/the_lifevest_was_unnecessary/,http://i.imgur.com/bCaiLqN.jpg,"unnecessary life-vest
ICE CUBES FLOAT.
makemelaugh.net
"
N.Korea,336,0.0,10,7xe2BVE.jpg,1371445526,2013-06-17 05:05:26,2014-10-01 23:06:00,False,/r/memes/comments/1ghx4g/nkorea/,http://i.imgur.com/7xe2BVE.jpg,"NOT SURE IF N.KOREA HAS
STOPPED TRYING TO BLOW US
UP
OR IF REDDIT HAS JUST STOPPED
CARING
memegenerator.net
"
"Bradley Manning is wee in stature, but a moral giant...",336,0.0,23,AuptOLL.jpg,1370785471,2013-06-09 13:44:31,2014-10-02 14:26:03,False,/r/memes/comments/1fzb0i/bradley_manning_is_wee_in_stature_but_a_moral/,http://i.imgur.com/AuptOLL.jpg,"IN A TIME OF UNIVERSAL DECEIT
POL
TELLING THE TRUTH WILL BECOMEA
REVOLUTIONARY ACT -ORWELL
quickmeme.com
"
Because this happened today...,325,0.0,8,18PlNPs.jpg,1370861764,2013-06-10 10:56:04,2014-10-02 13:35:44,False,/r/memes/comments/1g1dxc/because_this_happened_today/,http://i.imgur.com/18PlNPs.jpg,"2HOURS BEFORE ALARM: ""IMAWAKE!""
TEN MINUTESBEFORE ALARM ""SO FUCKING TIRED""
"
Nailed it,323,0.0,6,QB6c44q.jpg,1363218182,2013-03-13 23:43:02,2014-10-10 23:26:49,False,/r/memes/comments/1a90qd/nailed_it/,http://i.imgur.com/QB6c44q.jpg,"NEED NEW IDEAS FOR
PAINTING NAILS?
WHY NOT ZOIDBERG
"
This will make you think twice before killing another spider.,321,0.0,19,VsiRB1I.jpg,1364024325,2013-03-23 07:38:45,2014-10-10 14:41:34,False,/r/memes/comments/1aulrc/this_will_make_you_think_twice_before_killing/,http://i.imgur.com/VsiRB1I.jpg,"MY FAMILY IS COLD AND
HEY MAN, THERE WAS A WASP IN HERE BUT I GOT
MISUNDERSTOOD. CAN WE CRASH IN THE HIM, I KNOW HOW YOU HATE WASPS, AND YOU
KNOW I'M ALWAYS LOOKING OUT FOR YOU--
CORNER FOR TONIGHT?
OR SQUISH MY WIFE.
THAT'S COOL TO0.
WHATS THE B0OK FOR
HI!I JUST FINISHED EATING ALL THE FLIES, HI, CAN I LIVE IN YOUR SPACIOUS HOUSE?
KEEPING AWAY THE ANTS AND DROVE
I PROMISE TO EAT FLIES AND KEEP TO
MYSELF.
AWAY THE TERMITES.
OH SURE, I'D LOVE TO READ
DEAR GOD!
DID YOU JUST SPRAY ME WITH
THE PAPER!
FURNITURE POLISH? YOU CRAZY BITCH!
guickmeme .com
"
Time fo dat,318,0.0,11,fpnymyt.jpg,1367953058,2013-05-07 18:57:38,2014-10-07 07:27:06,False,/r/memes/comments/1dvn25/time_fo_dat/,http://i.imgur.com/fpnymyt.jpg,"SAVIN KIDNAPPED GIRLS?
I GOT TIME FO DAT
"
My thoughts in my calculus class.,304,0.0,3,02IY4lf.jpg,1366767306,2013-04-24 01:35:06,2014-10-07 20:32:51,False,/r/memes/comments/1cz9qq/my_thoughts_in_my_calculus_class/,http://i.imgur.com/02IY4lf.jpg,"Can you repeat the part of the stuff
where you said all about the things?
"
Biggest first world problem out there.,300,0.0,5,dK7W0yW.jpg,1359076741,2013-01-25 01:19:01,2014-10-13 01:53:56,False,/r/memes/comments/1786zb/biggest_first_world_problem_out_there/,http://i.imgur.com/dK7W0yW.jpg,"I'M FULL
"
Dorothy vs. Scarecrow...who really has the brains?,295,0.0,8,iBd4BOL.jpg,1371922011,2013-06-22 17:26:51,2014-10-01 17:10:29,False,/r/memes/comments/1gv43n/dorothy_vs_scarecrowwho_really_has_the_brains/,http://i.imgur.com/iBd4BOL.jpg,"I MAY NOT HAVE A BRAIN
PVS Ninja SoroO
BUT IM NOT THE BITCH THAT'S
LOST WHEN THERE'S ONLY ONE ROAD
"
My roommates and I don't need the internet to communicate with memes...,291,0.0,10,K34k5.jpg,1358194844,2013-01-14 20:20:44,2014-10-13 11:16:22,False,/r/memes/comments/16kj9k/my_roommates_and_i_dont_need_the_internet_to/,http://i.imgur.com/K34k5.jpg,"So
Imade rage face
8MYS,
magnets.
Yes, I'm serious,
that's
1know you're all like
brillsant.
Tree Story
agree it's
NOT BAD
CHALLENGE ACCEPTED
if
you decide
| want you
to start postrng your own. And if you
I'l be like,
??1
NO.
hes
IMPOSSIBRU!!
Not really.
RYAN
"
They don't seem to realize there are worse things than gay marriage,290,0.0,8,TwBTKPl.jpg,1364470844,2013-03-28 11:40:44,2014-10-10 10:26:22,False,/r/memes/comments/1b6731/they_dont_seem_to_realize_there_are_worse_things/,http://i.imgur.com/TwBTKPl.jpg,"YOU'RE ACTUALLY WORRIED THAT GAY
MARRIAGE Engaged &
Underage
BRIDEZILLAS
my, Big
Redneck
PG
LS
The
Littlest
GROOM Wedding
FOX
THE
BACHELOR
MUSIC FROM THE MOTION PICTURE SOUNDTRACK
THE BACHEL RETTE
WILL RUIN THE SANCTITY OF MARRIAGE?
RCAVICTOR
"
Stereotypes in a nutshell,287,0.0,6,mE5GRDf.jpg,1364055302,2013-03-23 16:15:02,2014-10-10 14:30:38,False,/r/memes/comments/1av3nj/stereotypes_in_a_nutshell/,http://i.imgur.com/mE5GRDf.jpg,"OF COURSE I LOVE
BANANAS, I'M A MONKEY
I JUST DON'T LIKE
YOU SAYING IT.
"
You have no idea how many I go through because of this...,277,0.0,6,FSI873D.jpg,1361891439,2013-02-26 15:10:39,2014-10-11 13:37:40,False,/r/memes/comments/199f91/you_have_no_idea_how_many_i_go_through_because_of/,http://i.imgur.com/FSI873D.jpg,"I'M CONSTANTLY LOOKING
FOR NEW RINGTONES
BECAUSE MY PARROT MEMORIZES
THEM
quickmeme.com
"
My 4 year old baby sister dropped this one on me today. Ahhh the joys of having no worries.,276,0.0,6,614SLTx.jpg,1359168086,2013-01-26 02:41:26,2014-10-13 00:47:52,False,/r/memes/comments/17an69/my_4_year_old_baby_sister_dropped_this_one_on_me/,http://imgur.com/614SLTx.jpg,"HEY, YOU WANNA
RUN AROUND IN
CIRCLES?!
quirtm
"
Depressed Pug,275,0.0,1,Z7oL5cg.jpg,1364385207,2013-03-27 11:53:27,2014-10-10 11:20:31,False,/r/memes/comments/1b3slo/depressed_pug/,http://i.imgur.com/Z7oL5cg.jpg,"IWENT TO LICK MY BALLS, AND THEY
JUST WEREN'T THERE ANYMORE.
"
Yup that's pretty much it,272,0.0,1,otRR9Ed.jpg,1359817581,2013-02-02 15:06:21,2014-10-12 17:47:20,False,/r/memes/comments/17r6e4/yup_thats_pretty_much_it/,http://i.imgur.com/otRR9Ed.jpg,"HOWISEE MY HOUSE
HOW MY MOM SEES MY
HOUSE
"
Had this blow past me while walking to work...,270,0.0,4,FW7JgKF.png,1362060730,2013-02-28 14:12:10,2014-10-11 11:41:05,False,/r/memes/comments/19e9ab/had_this_blow_past_me_while_walking_to_work/,http://i.imgur.com/FW7JgKF.png,"CANADIAN
Norton
TUMBLEWEED
"
How I feel when talking to my girlfriend,266,0.0,3,3omlt8.jpg,1362244200,2013-03-02 17:10:00,2014-10-11 09:42:31,False,/r/memes/comments/19j1nv/how_i_feel_when_talking_to_my_girlfriend/,http://i.qkme.me/3omlt8.jpg,"SHUT UP AND
TAKE MY COMPLIMENT!
quickmeme.com
"
My experience on r/atheism,265,0.0,29,vSynJuf.jpg,1368925858,2013-05-19 01:10:58,2014-10-03 11:16:01,False,/r/memes/comments/1elv83/my_experience_on_ratheism/,http://i.imgur.com/vSynJuf.jpg,"I'M AN ATHEIST, BUT THINK
CHRISTIANS DESERVE TO HAVE
THEIR OWN OPINIONS
FUCK ME, RIGHT?
quickmeme.com
"
It comes quicker than you think.,265,0.0,48,IOPCHWn.jpg,1368105823,2013-05-09 13:23:43,2014-10-07 05:47:56,False,/r/memes/comments/1dzz8g/it_comes_quicker_than_you_think/,http://i.imgur.com/IOPCHWn.jpg,"I GRADUATE IN 17 DAYS
ISTILL HAVE NO IDEA
WHAT TO DO WITH MY
LIFE
memegenerator.net
"
"Given today's events, I think this is for the best.",259,0.0,5,3u0387.jpg,1366420275,2013-04-20 01:11:15,2014-10-08 20:41:25,False,/r/memes/comments/1cppi3/given_todays_events_i_think_this_is_for_the_best/,http://i.qkme.me/3u0387.jpg,"ISHOULDNTBUY ABOAT
quickmeme.com
"
This happened to a friend of mine at work,259,0.0,3,Rm77MiT.jpg,1370535422,2013-06-06 16:17:02,2014-10-02 17:10:00,False,/r/memes/comments/1fsqlq/this_happened_to_a_friend_of_mine_at_work/,http://i.imgur.com/Rm77MiT.jpg,"KNOWS YOU HAVEN'T
BEEN GETTING MUCH
SLEEP WITH NEWBORN
TWINS
GIVES YOU A
WEEK OFF
WITH PAY
"
Facebook epiphany,259,0.0,5,tFelaY6.jpg,1367687184,2013-05-04 17:06:24,2014-10-07 10:05:03,False,/r/memes/comments/1doowo/facebook_epiphany/,http://i.imgur.com/tFelaY6.jpg,"I DON'T HATE FACEBOOK
BE
BELLA
T HATE PEOPLE
"
I always ask myself this question,258,0.0,8,im6hgty.jpg,1369842890,2013-05-29 15:54:50,2014-10-03 01:22:27,False,/r/memes/comments/1f9vuv/i_always_ask_myself_this_question/,http://i.imgur.com/im6hgty.jpg,"HOW THE FUCK
DO YOU COLORIZE
THOSE OLD PICTURES
"
As a lazy Redditor,257,0.0,2,3t2ydp.jpg,1361459286,2013-02-21 15:08:06,2014-10-11 18:01:51,False,/r/memes/comments/18yfv2/as_a_lazy_redditor/,http://i.qkme.me/3t2ydp.jpg,"I MANAGED TO READ THE WHOLE ARTICLE
BRILLIANT!
FUCK IT. HAVE AN UPVOTE
quickmeme.com
BO
"
Meanwhile in Dubai,256,0.0,4,kSQPLD9.png,1365944242,2013-04-14 12:57:22,2014-10-09 02:27:28,False,/r/memes/comments/1cbn7m/meanwhile_in_dubai/,http://i.imgur.com/kSQPLD9.png,"Alright Gentlemen
We need a way to spend millions of dollars.
Upgrade our police force
Upgrade our police
force with Lamborginis
"
"Browsing google for pictures of Hitler, was not disappointed. ",255,0.0,6,4DspdEp.jpg,1359510225,2013-01-30 01:43:45,2014-10-12 21:06:05,False,/r/memes/comments/17j7vy/browsing_google_for_pictures_of_hitler_was_not/,http://i.imgur.com/4DspdEp.jpg,"HOW MUCH DID
THE HOLLA COST?
"
Scumbag Pandora,254,0.0,9,wyE6t5o.jpg,1365161351,2013-04-05 11:29:11,2014-10-10 02:15:58,False,/r/memes/comments/1bq6cp/scumbag_pandora/,http://i.imgur.com/wyE6t5o.jpg,"HAS STATIONS BUILT
AROUND ONE SONG
NEVER PLAYS THAT SONG
"
God Damn It Dave,254,0.0,6,k2RC2G9.jpg,1371297724,2013-06-15 12:02:04,2014-10-02 00:45:34,False,/r/memes/comments/1ge9wx/god_damn_it_dave/,http://i.imgur.com/k2RC2G9.jpg,"Getting real tired ofyour shit, Dave
"
Just spilled an entire cup of coffee onto my desk.,247,0.0,4,1SY4Xil.jpg,1359311597,2013-01-27 18:33:17,2014-10-12 23:30:44,False,/r/memes/comments/17dn2g/just_spilled_an_entire_cup_of_coffee_onto_my_desk/,http://i.imgur.com/1SY4Xil.jpg,"ONLY JOB IS TO ABSORB LIQUIDS
DOESN'T
"
Whenever someone gives me advice.,247,0.0,0,vfPXuck.jpg,1368370475,2013-05-12 14:54:35,2014-10-04 00:00:58,False,/r/memes/comments/1e6nzs/whenever_someone_gives_me_advice/,http://i.imgur.com/vfPXuck.jpg,"1OVE
Just keep bein' yourself.
TOVE
WHOS
And fom e
That's horrible advice.
Most people don't like me, actually.
"
Credit score,246,0.0,6,z0tLSkm.png,1366580787,2013-04-21 21:46:27,2014-10-07 23:03:29,False,/r/memes/comments/1ctn0u/credit_score/,http://i.imgur.com/z0tLSkm.png,"HAD MY IDENTITY STOLEN
CREDIT SCORE WENT UP
"
Anyone else??,246,0.0,13,1k0kZQO.jpg,1365728613,2013-04-12 01:03:33,2014-10-09 04:33:58,False,/r/memes/comments/1c6bzp/anyone_else/,http://i.imgur.com/1k0kZQO.jpg,"PLLJUST BROWSEREDDIT WHILEIGO TO
THE BATHROOM
COMEDY
ESTRAL
AAAAAND MY FEET ARE NUMB
"
They are starting to catch on....,244,0.0,3,YdhmLkg.jpg,1364752953,2013-03-31 18:02:33,2014-10-10 07:34:27,False,/r/memes/comments/1bd9w4/they_are_starting_to_catch_on/,http://i.imgur.com/YdhmLkg.jpg,"THIS BITCH. YOU KNOW WHAT
THIS BITCH DOES?
AFTER 9 MONTHS SHE EVICTS ME
AND SAYS HAPPY BIRTHDAY""
"
What I think when I see the Hashtag #FOOD PORN,244,0.0,4,AG3HgzE.png,1366663369,2013-04-22 20:42:49,2014-10-07 21:56:20,False,/r/memes/comments/1cvy7v/what_i_think_when_i_see_the_hashtag_food_porn/,http://i.imgur.com/AG3HgzE.png,"MM GONNA CRUMB!
IM GONNA CR UMB!
"
"Next time, park in between the lines",240,0.0,10,OThe6wH.jpg,1362016596,2013-02-28 01:56:36,2014-10-11 12:04:49,False,/r/memes/comments/19d9pd/next_time_park_in_between_the_lines/,http://i.imgur.com/OThe6wH.jpg,"IM NOT THAT GUY
SOPR LCTI LD
IM THAT GUY
"
"Good, good...",239,0.0,2,7WvEV9z.jpg,1361306324,2013-02-19 20:38:44,2014-10-11 19:39:58,False,/r/memes/comments/18u7im/good_good/,http://i.imgur.com/7WvEV9z.jpg,"GOOD, GOOD.
LET THE HATE FLOW THROUGH YOU
"
How I feel when my daughter shows me her friends pics,234,0.0,6,Aq5dVDA.jpg,1367367408,2013-05-01 00:16:48,2014-10-07 13:17:41,False,/r/memes/comments/1dg5i2/how_i_feel_when_my_daughter_shows_me_her_friends/,http://i.imgur.com/Aq5dVDA.jpg,"SEE BACK IN MY DAY
AIN T
THE BATHROOM WAS USED FOR
TAKING A SHIT, NOT PICTURES!
"
We had a 2 hour time slot to do 20 multiple choice questions today.,232,0.0,7,LpAl1Ac.jpg,1359991988,2013-02-04 15:33:08,2014-10-12 16:02:56,False,/r/memes/comments/17vbiy/we_had_a_2_hour_time_slot_to_do_20_multiple/,http://i.imgur.com/LpAl1Ac.jpg,"A DAY MAY COME WHEN I USE THE FULL ALLOTTED TÍME FOR AN EXAM
BUT IT IS NOT THIS DAY
"
GUESS WHO!?,230,0.0,14,xrKjNHF.jpg,1367374270,2013-05-01 02:11:10,2014-10-07 13:10:39,False,/r/memes/comments/1dgegq/guess_who/,http://i.imgur.com/xrKjNHF.jpg,
Just a moment to thank the good guy overpass.,228,0.0,5,gwjhAxx.jpg,1370906516,2013-06-10 23:21:56,2014-10-02 12:58:30,False,/r/memes/comments/1g2we3/just_a_moment_to_thank_the_good_guy_overpass/,http://i.imgur.com/gwjhAxx.jpg,"HERE ISASPLITSECOND OF PEACE
BEFORE DRIVING BACK
INTO INTOLERABLE NOISE
imgflip.com
"
I know this was going through my little guys mind after our roommates moved out.,228,0.0,3,f7OTdSY.jpg,1370010530,2013-05-31 14:28:50,2014-10-02 23:25:31,False,/r/memes/comments/1felfa/i_know_this_was_going_through_my_little_guys_mind/,http://i.imgur.com/f7OTdSY.jpg,"THERE'S SO MUCH ROOM
FOR ACTIVITIES
"
Westboro Baptist hatred most common mistake,226,0.0,16,ROlcaMn.jpg,1366137470,2013-04-16 18:37:50,2014-10-09 00:15:36,False,/r/memes/comments/1ch6tg/westboro_baptist_hatred_most_common_mistake/,http://i.imgur.com/ROlcaMn.jpg,"DON'T PHYSICALLY HARM THE
WESTBORO BAPTIST CHURCH
PROTESTORS
THEY MAKE THEIR MONEY BY TAKING
LEGAL ACTION AGAINST THOSE WHO DO
quickmeme.com
"
"Not bad, Potter.",224,0.0,3,cWSCxoT.jpg,1361276986,2013-02-19 12:29:46,2014-10-11 19:59:19,False,/r/memes/comments/18tcbi/not_bad_potter/,http://i.imgur.com/cWSCxoT.jpg,"MORNING POTTER
MORNING WOOD
"
Did you hear about the cow?,223,0.0,1,c7xtOS6.jpg,1359260415,2013-01-27 04:20:15,2014-10-12 23:53:59,False,/r/memes/comments/17cqgc/did_you_hear_about_the_cow/,http://i.imgur.com/c7xtOS6.jpg,"DID YOU HEAR-THE ONE ABOUT THE
TALKING COW THAT DIDN'T KILL ANYONE?
NEITHER HAVE I
"
As a mobile phone redditor...,222,0.0,16,TbCDlWa.jpg,1370523206,2013-06-06 12:53:26,2014-10-02 17:20:46,False,/r/memes/comments/1fsch7/as_a_mobile_phone_redditor/,http://i.imgur.com/TbCDlWa.jpg,"AMI THE ONLY-ONE
AROUND HERE
WHO DOESN'T CARE
ABOUT CAKEDAYS ?
"
Got one in just in time!!!,221,0.0,10,Z3AK04M.jpg,1369010717,2013-05-20 00:45:17,2014-10-03 10:27:13,False,/r/memes/comments/1enxfe/got_one_in_just_in_time/,http://i.imgur.com/Z3AK04M.jpg,"MADE LOVE TO THE WIFE
PERIOD CAME AN HOUR LATER. GOT
ONE IN JUST IN TIME.
"
Scumbag Steve is hungover and has a surprising Jersey accent. ,220,0.0,22,cNLBhKg.jpg,1362936453,2013-03-10 17:27:33,2014-10-11 02:38:25,False,/r/memes/comments/1a147x/scumbag_steve_is_hungover_and_has_a_surprising/,http://imgur.com/cNLBhKg.jpg,
This is what I always heard the lyrics as...,220,0.0,6,0gPJPOW.jpg,1371339750,2013-06-15 23:42:30,2014-10-02 00:15:41,False,/r/memes/comments/1gfceu/this_is_what_i_always_heard_the_lyrics_as/,http://i.imgur.com/0gPJPOW.jpg,"WHAT IF
I SAY
I'M NOT LIKE THE OTTERS
imgflip.com
"
"Oh, Reddit.",214,0.0,5,XYFkw0f.jpg,1364857205,2013-04-01 23:00:05,2014-10-10 06:05:39,False,/r/memes/comments/1bgvi7/oh_reddit/,http://i.imgur.com/XYFkw0f.jpg,"APRIL FOOLS?
FULL SCALE WAR.
"
Undercover Sheep,211,0.0,0,Wg7tF.jpg,1358434836,2013-01-17 15:00:36,2014-10-13 08:51:06,False,/r/memes/comments/16r55l/undercover_sheep/,http://i.imgur.com/Wg7tF.jpg,"DAY 46:I HAVE GAINED THE ALPACAS'
TRUST
THEY STILL DO NOT KNOW I AM A
SHEEP
"
Scumbag Barista,210,0.0,5,mhoTBUv.jpg,1363095915,2013-03-12 13:45:15,2014-10-11 00:56:07,False,/r/memes/comments/1a5a4y/scumbag_barista/,http://i.imgur.com/mhoTBUv.jpg,"COOL FOAM ART
LUKEWARM COFFEE
"
Classic bad luck Brian,209,0.0,5,b5b29mj.png,1370231701,2013-06-03 03:55:01,2014-10-02 21:01:51,False,/r/memes/comments/1fk715/classic_bad_luck_brian/,http://i.imgur.com/b5b29mj.png,"STILL HAS SMALL PENIS
"
If the Abercrombie &amp; Fitch CEO only wants attractive people wearing his brand...,203,0.0,13,o10doFN.jpg,1367990355,2013-05-08 05:19:15,2014-10-07 06:56:16,False,/r/memes/comments/1dwz0h/if_the_abercrombie_fitch_ceo_only_wants/,http://i.imgur.com/o10doFN.jpg,"IF THE CEO OF ABERCROMBIE & FITCH
ONLY WANTS ATTRACTIVE PEOPLE
WEARING HIS
BRAND.
ALIWY0311
THEN HE'S GONNA HAVE TO GO AHEAD
AND TAKE OFF THAT SWEATER.
"
Something you warm up before you use it,202,0.0,3,K2A4r2m.jpg,1368763302,2013-05-17 04:01:42,2014-10-03 12:49:23,False,/r/memes/comments/1ehy4t/something_you_warm_up_before_you_use_it/,http://i.imgur.com/K2A4r2m.jpg,"NAME SOMETHING YOU HAVE TO WARM
UP
GSn
BEFORE YOU USE IT
HOW ABOUT.
YOUR WIFE?
"
Good Guy Google Chrome,198,0.0,14,1bjVKgf.jpg,1359720375,2013-02-01 12:06:15,2014-10-12 18:45:36,False,/r/memes/comments/17ov82/good_guy_google_chrome/,http://i.imgur.com/1bjVKgf.jpg,"TELLS YOU YOUR SPELLING
ERRORS
SO REDDIT DOESN'T
Memecreator.o
"
Wife threw this one out last night.,194,0.0,2,q0RzS0F.jpg,1360090108,2013-02-05 18:48:28,2014-10-12 14:54:20,False,/r/memes/comments/17y2z3/wife_threw_this_one_out_last_night/,http://i.imgur.com/q0RzS0F.jpg,"BUBBLE WRAP IS LIKE
CHEWING GUM FOR YOUR FINGERS
"
What's good for the goose...not good for the gander?,194,0.0,38,Bl0zTea.jpg,1371962170,2013-06-23 04:36:10,2014-10-01 16:43:44,False,/r/memes/comments/1gw6qa/whats_good_for_the_goosenot_good_for_the_gander/,http://i.imgur.com/Bl0zTea.jpg,"APOLOGIZED FOR USING THE ""N"" WORD.
SAID, ""I KILL ALL THE WHITE PEOPLE IN THE
MOVIE. HOW GREAT IS THAT?""
UE
GOT FIRED.
WILL CONTINUE MAKING MILLIONS IN
HOLLYWOOD.
ETE
"
Browsing Reddit when suddenly...,193,0.0,12,gp8dSiv.jpg,1362109388,2013-03-01 03:43:08,2014-10-11 10:58:31,False,/r/memes/comments/19fx2h/browsing_reddit_when_suddenly/,http://i.imgur.com/gp8dSiv.jpg,"I DONT ALWAYS BROWSE REDDIT
BUT WHEN I DO I ONLY OPEN THE
PICTURE LINKS
memegeneratorsnet
"
Thought of an alternative to the pound,192,0.0,5,saZeybv.jpg,1372296632,2013-06-27 01:30:32,2014-09-30 23:46:30,False,/r/memes/comments/1h5dv0/thought_of_an_alternative_to_the_pound/,http://i.imgur.com/saZeybv.jpg,"WHY,DON'T WE TAKE ALL
HOMELESS DOGS
AND PUT THEM IN RETIREMENT
HOMES
uremegenerator.net
"
"It was a little embarrassing, but I couldn't fathom why he did.",191,0.0,4,WJ5i0i4.png,1371848020,2013-06-21 20:53:40,2014-10-01 17:53:13,False,/r/memes/comments/1gtgpd/it_was_a_little_embarrassing_but_i_couldnt_fathom/,http://i.imgur.com/WJ5i0i4.png,"BOYFRIEND FINALLY SAYS HE LOVES
ME
""ARE YOU SURE?""
"
First World Problems Cat,189,0.0,3,IauiQ.jpg,1357835018,2013-01-10 16:23:38,2014-10-13 14:45:09,False,/r/memes/comments/16binf/first_world_problems_cat/,http://imgur.com/IauiQ.jpg,"OHAD THATRED DOT CORNERED
BINY
ANDILET IT SLIP RIGHT
TROUGH MY PAWS
"
Regarding Karma..,189,0.0,2,Xv8KLYw.jpg,1365497896,2013-04-09 08:58:16,2014-10-09 07:18:37,False,/r/memes/comments/1bz9y4/regarding_karma/,http://i.imgur.com/Xv8KLYw.jpg,"Wait..
You guys STILL don't
get that the
points
are made up and don't matter?
"
As a teen parent who works and takes care my daughter as best I can.,188,0.0,52,YWu6eqD.jpg,1368969599,2013-05-19 13:19:59,2014-10-03 10:56:58,False,/r/memes/comments/1emnk1/as_a_teen_parent_who_works_and_takes_care_my/,http://i.imgur.com/YWu6eqD.jpg,"WHAT IFI TOLD
YOU
NOT ALL TEEN PARENTS ARE DEADBEATS WHO
DON'T WORK
memegenerator.net
"
European Problems,187,0.0,5,LvNjdTD.jpg,1372575158,2013-06-30 06:52:38,2014-09-30 20:17:48,False,/r/memes/comments/1hcroh/european_problems/,http://i.imgur.com/LvNjdTD.jpg,"Ican't see anything
out my bedroom window
Because a castle is
in the way
ROFLBOT
"
Good luck with that.,186,0.0,3,q8WgeTi.jpeg,1365423967,2013-04-08 12:26:07,2014-10-09 08:09:22,False,/r/memes/comments/1bwvxe/good_luck_with_that/,http://www.imgur.com/q8WgeTi.jpeg,"WITH THISTECHNOLOGY
WE WILL BRINGTHE UNITED
STATES TO ITS KNEES
30
"
Chemistry Cat's Priorities,186,0.0,1,tbigoPS.jpg,1363961075,2013-03-22 14:04:35,2014-10-10 15:22:32,False,/r/memes/comments/1asrox/chemistry_cats_priorities/,http://i.imgur.com/tbigoPS.jpg,"PEOPLE SAY ATOMS AREN'T
IMPORTANT
CH"")]
3
2.
MILK
BUT THEY MATTER.
quickmeme.com
"
So this happened to me a couple of days ago...,184,0.0,7,mXk67Hc.jpg,1366883629,2013-04-25 09:53:49,2014-10-07 19:07:29,False,/r/memes/comments/1d2ohc/so_this_happened_to_me_a_couple_of_days_ago/,http://i.imgur.com/mXk67Hc.jpg,"FINDS HIS CLASSMATES' LOST PHONE
DURING SCHOOLAND RETURNS IT
GETS ACCUSED
OF STEALING IT
"
It's becoming a real inconvenience,182,0.0,3,q56g3ep.jpg,1366226627,2013-04-17 19:23:47,2014-10-08 23:09:08,False,/r/memes/comments/1cjwhz/its_becoming_a_real_inconvenience/,http://i.imgur.com/q56g3ep.jpg,"I want to see someonelknow
on GONEWILD
But every girlIknow respects
themselves too much
"
Fool me once shame on you.,182,0.0,3,say4NmX.png,1366036270,2013-04-15 14:31:10,2014-10-09 01:31:15,False,/r/memes/comments/1ce2dh/fool_me_once_shame_on_you/,http://i.imgur.com/say4NmX.png,"HE PRETENDED TO THROW THE
BALL
NEVER AGAIN
"
"looks like lazy college senior, but with an ulterior motive",181,0.0,7,CEwdCpa.jpg,1371557779,2013-06-18 12:16:19,2014-10-01 21:38:23,False,/r/memes/comments/1gkvz3/looks_like_lazy_college_senior_but_with_an/,http://i.imgur.com/CEwdCpa.jpg,"KNOWS YOUR GIRLFRIEND
IS A LIGHTWEIGHT
KEEPS ORDERING
ROUNDS OF SHOTS
"
The story of my life,180,0.0,1,5uHt1og.png,1361421520,2013-02-21 04:38:40,2014-10-11 18:19:16,False,/r/memes/comments/18xp14/the_story_of_my_life/,http://i.imgur.com/5uHt1og.png,"WOMEN JUST
CALL ME UGLY
UNTILL THEY
KNOW HOW
MUCH MONEY
I МAKE
WHEN THEY
FIND IT OUT,
THEY CALL
ME UGLY
AND POOR
"
A huge pet peeve of mine.,179,0.0,5,19RNv0v.jpg,1358868219,2013-01-22 15:23:39,2014-10-13 04:22:37,False,/r/memes/comments/1723bs/a_huge_pet_peeve_of_mine/,http://imgur.com/19RNv0v.jpg,"WHY THE FUCK
DO YOU COME TO A LECTURE
AND TALK ALL THE WAY
THROUGH IT
"
In response to your confession bear on the front page...,179,0.0,6,rVthu1b.jpg,1368882075,2013-05-18 13:01:15,2014-10-03 11:43:47,False,/r/memes/comments/1ekox0/in_response_to_your_confession_bear_on_the_front/,http://i.imgur.com/rVthu1b.jpg,"ISTAY UP LATE EVERY NIGHT
BECAUSE ITS THE ONLY TIMEI FEEL
LIKE I CAN BE ALONE
"
It's not just the Christians,176,0.0,17,l4iLSRF.jpg,1365914021,2013-04-14 04:33:41,2014-10-09 02:38:16,False,/r/memes/comments/1cb6v3/its_not_just_the_christians/,http://i.imgur.com/l4iLSRF.jpg,"AM I THE ONLY ONE AROUND HERE
THAT HAS HEARD AN
ATHEIST SAY STUPID SHIT
"
"Eat this, Liberals!!",175,0.0,12,LgX61Pp.jpg,1372532865,2013-06-29 19:07:45,2014-09-30 20:48:58,False,/r/memes/comments/1hbnub/eat_this_liberals/,http://i.imgur.com/LgX61Pp.jpg,"A-salt rifle
"
Kim Jung Un fail,173,0.0,4,Ku2Yqtu.jpg,1365296334,2013-04-07 00:58:54,2014-10-09 09:24:11,False,/r/memes/comments/1btsvj/kim_jung_un_fail/,http://i.imgur.com/Ku2Yqtu.jpg,"THREATENS NUCLEAR WARFARE AGAINST THE U.S
GETS LAUGHED AT AND BECOMESA MEME
Reinvented by sean14 for iFunny:)
e ifunny.mobi
"
Music these days,173,0.0,11,1uemOwo.png,1369612761,2013-05-26 23:59:21,2014-10-03 03:54:47,False,/r/memes/comments/1f3wgw/music_these_days/,http://i.imgur.com/1uemOwo.png,"Let's take the same four chords
And put them on the radio!
"
Simply to avoid the bullshit.,170,0.0,17,6N7CWzC.jpg,1368766849,2013-05-17 05:00:49,2014-10-03 12:47:11,False,/r/memes/comments/1ei1h0/simply_to_avoid_the_bullshit/,http://i.imgur.com/6N7CWzC.jpg,"AM I THE ONLY ONE AROUND HERE
WHO DOESN'T MIND GETTING
DRUNK ALONE OCCASIONALLY
"
..was afraid I couldn't put it off any longer when I ran out of excuses,167,0.0,6,LdKzEDg.jpg,1367072871,2013-04-27 14:27:51,2014-10-07 16:57:16,False,/r/memes/comments/1d7sz1/was_afraid_i_couldnt_put_it_off_any_longer_when_i/,http://i.imgur.com/LdKzEDg.jpg,"WENT TO CUT GRASS
LAWNMOWER BROKEN
"
For that special someone.,165,0.0,1,vZ1IMNo.jpg,1362896131,2013-03-10 06:15:31,2014-10-11 02:54:36,False,/r/memes/comments/1a0h4g/for_that_special_someone/,http://i.imgur.com/vZ1IMNo.jpg,"reddit gold: for that special someone.
yes, you can give it to yourself.
AWESOME
"
"I've been using Reddit for a month now, and I've finally been bothered to create an account. After discovering up voting and down voting, this is how I feel...",164,0.0,4,yQTUPFo.jpg,1365205538,2013-04-05 23:45:38,2014-10-10 01:42:37,False,/r/memes/comments/1brn0k/ive_been_using_reddit_for_a_month_now_and_ive/,http://i.imgur.com/yQTUPFo.jpg,"SO MUCH
POWER
Makan Momoct
"
Made the mistake of commenting on my friend's engagement post,163,0.0,1,sHjWrrn.jpg,1366656095,2013-04-22 18:41:35,2014-10-07 22:03:58,False,/r/memes/comments/1cvnqq/made_the_mistake_of_commenting_on_my_friends/,http://i.imgur.com/sHjWrrn.jpg,"BRACE YOURSELF
HUNDREDS OF COMMENTS FROM RANDOM
PEOPLE ARE COMING
memegenerabor.net
"
Every damn time,160,0.0,2,lCht3PB.jpg,1368298796,2013-05-11 18:59:56,2014-10-04 00:41:57,False,/r/memes/comments/1e53zp/every_damn_time/,http://i.imgur.com/lCht3PB.jpg,"YOU HEAR SWEARING ALL THE TIME AND
NO ONE BATS AN EYE
A TEACHER OR PROFESSOR SWEARS AND
EVERYONE LOSES THEIR MINDS
"
True story... Was I mad to leave?,156,0.0,9,hsKlA4i.jpg,1366546808,2013-04-21 12:20:08,2014-10-07 23:29:00,False,/r/memes/comments/1csog7/true_story_was_i_mad_to_leave/,http://i.imgur.com/hsKlA4i.jpg,"DOESN'T LETYOU WATCH
PORN
STARRED IN 7 'HOME MOVIES'
"
When I tell my five year old son to stop touching his wiener.,156,0.0,7,fQgo7LB.jpg,1364692435,2013-03-31 01:13:55,2014-10-10 08:03:38,False,/r/memes/comments/1bc0un/when_i_tell_my_five_year_old_son_to_stop_touching/,http://i.imgur.com/fQgo7LB.jpg,"I DON'T KNOW
ESPT
WHAT TO DO WITH MY
HANDS
quickmeme.com
"
lol grammar,155,0.0,6,9R4HrV2.png,1366333022,2013-04-19 00:57:02,2014-10-08 21:41:31,False,/r/memes/comments/1cnb7a/lol_grammar/,http://i.imgur.com/9R4HrV2.png,"I DON'T ALWAYS PROOFREAD
PROFESSIONAL EMAILS
BUT WHEN I DO I HAVE
ALREADY SENT IT
"
This happened to me the other day!,154,0.0,22,ODf1Zhk.jpg,1365353986,2013-04-07 16:59:46,2014-10-09 08:53:50,False,/r/memes/comments/1buys5/this_happened_to_me_the_other_day/,http://i.imgur.com/ODf1Zhk.jpg,"SUCKED 37 DICKS BEFORE SHE
MET ME
SAYS SHE ISN'T THAT PERSON
ANY MORE WHEN I ASK FOR IT
quickmeme.com
"
Don't know why this isn't common sense to some people I know,154,0.0,7,PI5vx5E.jpg,1369376123,2013-05-24 06:15:23,2014-10-03 06:10:54,False,/r/memes/comments/1eygo5/dont_know_why_this_isnt_common_sense_to_some/,http://i.imgur.com/PI5vx5E.jpg,"IF A GIRL YOU JUST MET TELLS YOU
THAT YOU DON'T NEED TO USE A CONDOM
YOU DEFINITELY NEED
TO USE A CONDOM
"
I laughed harder than I should have...,153,0.0,1,w5M8yIh.jpeg,1359238117,2013-01-26 22:08:37,2014-10-13 00:10:34,False,/r/memes/comments/17c3xa/i_laughed_harder_than_i_should_have/,http://www.imgur.com/w5M8yIh.jpeg,"MAKE A STRANGER FALL IN LOVE WITH ME IN
3 DAYS OR SELL MY SOUL TO A SEA WITCH?
CHALLENGE ACCEPTED!
THE JOKE IS ON URSULA,
Ariel is a ginger.
"
"""MUCH too fast"" food....",153,0.0,12,Sd6OQMi.jpg,1372525869,2013-06-29 17:11:09,2014-09-30 20:54:42,False,/r/memes/comments/1hbgj9/much_too_fast_food/,http://i.imgur.com/Sd6OQMi.jpg,"T MAKES ME UNCOMFORTABLE WHEN I'M GETTING FAST FOOD
AND MY ORDER IS GIVEN TO ME SUPER FAST.IWANT TO AT
LEAST WAIT 5 MINUTES.
ANYTHING LESS IS WITCHCRAFT AND SHOULD BE
INVESTIGATED., emegenerator.net
"
I really don't...,152,0.0,6,sR9b1wE.jpg,1360507989,2013-02-10 14:53:09,2014-10-12 04:06:43,False,/r/memes/comments/188xc3/i_really_dont/,http://i.imgur.com/sR9b1wE.jpg,"IDON'T CONSIDER
THINGS REPOSTS
IF THEY HAVE A MORE
APPEASING AND CATCHY TITLE
"
Co-worker sent me this after he got in an argument at the office.,152,0.0,3,XuE2teF.jpg,1360303420,2013-02-08 06:03:40,2014-10-12 05:57:36,False,/r/memes/comments/18496k/coworker_sent_me_this_after_he_got_in_an_argument/,http://i.imgur.com/XuE2teF.jpg,"That really Rustled
My jimmies
"
GGG Gun owner,151,0.0,1,0MnaQ.jpg,1357344750,2013-01-05 00:12:30,2014-10-13 19:47:50,False,/r/memes/comments/15za4q/ggg_gun_owner/,http://i.imgur.com/0MnaQ.jpg,"OWNS GÜNS
DOESN'T POSE LIKE A DOUCHE IN
PICTURES
memegenerator.net
"
aw yisss,150,0.0,2,LUlRf.jpg,1357074673,2013-01-01 21:11:13,2014-10-13 22:46:12,False,/r/memes/comments/15sccc/aw_yisss/,http://i.imgur.com/LUlRf.jpg,"wrote a check today
got the year right
ROFLBOT
"
Did somebody say old memes?,148,0.0,1,VV5ntcT.jpg,1364008872,2013-03-23 03:21:12,2014-10-10 14:48:42,False,/r/memes/comments/1au9w6/did_somebody_say_old_memes/,http://i.imgur.com/VV5ntcT.jpg,"LOST IN MCDONALD'S
PLAY PLACE
BETTER DRINK MY
OWN PISS
"
I don't always go incognito... ,148,0.0,8,MTzTgeB.jpg,1362603019,2013-03-06 20:50:19,2014-10-11 06:05:07,False,/r/memes/comments/19sq5e/i_dont_always_go_incognito/,http://i.imgur.com/MTzTgeB.jpg,"Idon't always
go incognito
but when I do,
the door is locked
"
I saw fishy toy...,147,0.0,5,iUBVfrA.png,1364145236,2013-03-24 17:13:56,2014-10-10 13:44:27,False,/r/memes/comments/1ax5nz/i_saw_fishy_toy/,http://i.imgur.com/iUBVfrA.png,"I SAW FISHY-TOY...
...HE WAS BURNING
"
I'm a Whale!,145,0.0,1,AILGx8d.jpg,1359388420,2013-01-28 15:53:40,2014-10-12 22:40:27,False,/r/memes/comments/17fld6/im_a_whale/,http://i.imgur.com/AILGx8d.jpg,"FUCKYOU
I'M AWHALE!
"
Canadian graffiti,143,0.0,0,2I3fS13.png,1359267742,2013-01-27 06:22:22,2014-10-12 23:49:13,False,/r/memes/comments/17cwuy/canadian_graffiti/,http://i.imgur.com/2I3fS13.png,"CANADIAN GRAFFITI
YOUR
MOM IS
A NICE
LADY
AT ITS FINEST
"
BREAKING: Animal suffers from excessive cuteness disorder (x-post from r/fennecfoxes),138,0.0,1,IcEbKQo.jpg,1359135823,2013-01-25 17:43:43,2014-10-13 01:17:38,False,/r/memes/comments/179kc3/breaking_animal_suffers_from_excessive_cuteness/,http://i.imgur.com/IcEbKQo.jpg,"THIS JUST IN
ON FOX SNOOZE
"
Thrift Shop,138,0.0,7,MMyqhBj.jpg,1362785757,2013-03-08 23:35:57,2014-10-11 03:57:20,False,/r/memes/comments/19xxha/thrift_shop/,http://i.imgur.com/MMyqhBj.jpg,"I WASNT GOING TO BUY
THRIFT SHOP ON ITUNES
BUT SHIT, IT WAS 99
CENTS
Reinvented by xThrift for iFunny :)
ifunny.mobi
"
To all new Redittors!,138,0.0,6,lfHIY3Q.jpg,1367408447,2013-05-01 11:40:47,2014-10-07 12:52:09,False,/r/memes/comments/1dh4vw/to_all_new_redittors/,http://i.imgur.com/lfHIY3Q.jpg,"UP VOTE
AND ONE DAY KARMA WILL
BE YOURS
memegenerator.net
"
Anyone who lives in the north can appreciate this,135,0.0,2,JiTz5k9.png,1359984132,2013-02-04 13:22:12,2014-10-12 16:06:57,False,/r/memes/comments/17v5eo/anyone_who_lives_in_the_north_can_appreciate_this/,http://i.imgur.com/JiTz5k9.png,"PARKED IN A SNOW
COVERED LOT
BETWEEN THE LINES
WHEN THE SNOW MELTS
mematic.net
"
Morning Glory,134,0.0,2,W2Kaeti.jpg,1361978230,2013-02-27 15:17:10,2014-10-11 12:37:43,False,/r/memes/comments/19bw18/morning_glory/,http://i.imgur.com/W2Kaeti.jpg,"FORGOT TO SET MY ALARM LAST
NIGHT
STILL WOKE UP RIGHT ON
TIME
memegenerator.net
"
Marking an assignment for a meme-obsessed kid. I hope he appreciates my feedback: ,132,0.0,5,sQCEw.jpg,1357443895,2013-01-06 03:44:55,2014-10-13 18:52:00,False,/r/memes/comments/161jv3/marking_an_assignment_for_a_memeobsessed_kid_i/,http://i.imgur.com/sQCEw.jpg,"Extra Planning Sheet:
(will not be marked- just for sketching and brainstorming)
I SEE You DID YOUR PLANNING 000
NOT.
"
LAME FARM PUN TIME!,130,0.0,6,noLpLjn.jpg,1358951836,2013-01-23 14:37:16,2014-10-13 03:26:51,False,/r/memes/comments/174frz/lame_farm_pun_time/,http://i.imgur.com/noLpLjn.jpg,"OFEEL GOOD FROM MY HEAD
TOMATOES
"
As a struggling single father this sucks,129,0.0,10,JF1xqva.jpg,1370040956,2013-05-31 22:55:56,2014-10-02 22:59:58,False,/r/memes/comments/1ffm70/as_a_struggling_single_father_this_sucks/,http://i.imgur.com/JF1xqva.jpg,"DIVORCE DECREE SAYS YOU
PAY HALF DAY CARE COSTS
GETS STÄTE TOCOVER 100%
AND TRIES TO POCKET YOUR
PORTION
"
"luckily, no permanent damage",128,0.0,9,Cm1apaL.png,1367745319,2013-05-05 09:15:19,2014-10-07 09:32:47,False,/r/memes/comments/1dq3xu/luckily_no_permanent_damage/,http://i.imgur.com/Cm1apaL.png,"WHEN I WAS YOUNGER.
I USED TO THINK BEATING OFF"" MEANT YOU
PUNCHED YOUR PENIS UNTIL YOU PEED
FUNNY
"
The treasure..,128,0.0,2,kmRJ4kB.jpg,1371932599,2013-06-22 20:23:19,2014-10-01 17:03:00,False,/r/memes/comments/1gvexg/the_treasure/,http://i.imgur.com/kmRJ4kB.jpg,"MY FAMILY IS A
TREASURE
YOU NEED A MAP AND
SHOVEL TO FIND THEM
"
"Oh, Bill...",127,0.0,0,OkWNa4E.jpg,1358791478,2013-01-21 18:04:38,2014-10-13 05:15:18,False,/r/memes/comments/17008j/oh_bill/,http://i.imgur.com/OkWNa4E.jpg,"TLIKE BIG BUTTS
LIAND I CANNOT LIE
"
Maybe I'm the only one that didn't immediately get this ,125,0.0,6,VmEfCld.jpg,1363054125,2013-03-12 02:08:45,2014-10-11 01:16:53,False,/r/memes/comments/1a4eri/maybe_im_the_only_one_that_didnt_immediately_get/,http://i.imgur.com/VmEfCld.jpg,"IT'S CALLED ""HIGH TAILING
IT""
BECAUSE HORSES RAISE THEIR TAILS
WHEN THEY RUN
memegengtpinense
"
Where I see myself after college.,124,0.0,3,D4PgEJX.jpg,1365481704,2013-04-09 04:28:24,2014-10-09 07:25:39,False,/r/memes/comments/1byxy9/where_i_see_myself_after_college/,http://i.imgur.com/D4PgEJX.jpg,"WELCOME TO THE RETAIL BUSINESS
WHERE THE CUSTOMERS ARE RUDE
AND MY COLLEGE DEGREE DOESN'T MATTER
imgflip.com
"
Mirrors,124,0.0,2,8aVwyC9.jpg,1365383551,2013-04-08 01:12:31,2014-10-09 08:28:38,False,/r/memes/comments/1bvz4r/mirrors/,http://i.imgur.com/8aVwyC9.jpg,"MIRRORS ARE LIKE
ASKYPE WITH YOURSELF
imgflipicom
"
Shouted this one out after going airborne in the parking lot,123,0.0,1,2T1RDuF.jpg,1361664118,2013-02-24 00:01:58,2014-10-11 15:50:29,False,/r/memes/comments/193t1y/shouted_this_one_out_after_going_airborne_in_the/,http://i.imgur.com/2T1RDuF.jpg,"SPEED BUMP?
YOU MEAN STUNT RAMP?
"
learning with wood,123,0.0,2,s66fUxk.jpg,1367012518,2013-04-26 21:41:58,2014-10-07 17:30:25,False,/r/memes/comments/1d6igi/learning_with_wood/,http://i.imgur.com/s66fUxk.jpg,"learned what a pirn is
because I typed an i instead of an o
"
Bad luck Brian and alphabet soup,122,0.0,5,0DKk5.jpg,1358136934,2013-01-14 04:15:34,2014-10-13 11:46:15,False,/r/memes/comments/16j6d2/bad_luck_brian_and_alphabet_soup/,http://i.imgur.com/0DKk5.jpg,"EATS ALPHABET SOUP
CHOKES ON THED
"
scumbag oil company,122,0.0,7,W92QSiS.jpg,1362843532,2013-03-09 15:38:52,2014-10-11 03:30:03,False,/r/memes/comments/19z1st/scumbag_oil_company/,http://i.imgur.com/W92QSiS.jpg,"Makes record profits by keeping the cost of gas high
has America fight a war so
they can get cheaper oil
Shell
"
"God, Ron, you're so stupid. ",121,0.0,6,e3z8Aqh.jpg,1358865768,2013-01-22 14:42:48,2014-10-13 04:24:11,False,/r/memes/comments/17210j/god_ron_youre_so_stupid/,http://i.imgur.com/e3z8Aqh.jpg,"You're saying wrong,
its Minnesota.
not MinnesoTA.'
quickmeme.com
"
'Murica,120,0.0,5,DbNZeNo.jpg,1359983305,2013-02-04 13:08:25,2014-10-12 16:07:12,False,/r/memes/comments/17v4yr/murica/,http://i.imgur.com/DbNZeNo.jpg,"DID SOMEONE ORDER
SOME FREEDOM?
mematic.net
"
This classy portrait of Peter Griffin makes his quote seem so much more intellectual,120,0.0,1,YftQ1If.jpg,1359650836,2013-01-31 16:47:16,2014-10-12 19:31:53,False,/r/memes/comments/17mx28/this_classy_portrait_of_peter_griffin_makes_his/,http://i.imgur.com/YftQ1If.jpg,"TAKE ITUP
WITH MY BUTT
HES THE ONLY ONE
WHO GIVES A CRAP
"
If Blues Clues was made for adults. This is much more accurate.  ,119,0.0,2,EgD7fzs.jpg,1361360582,2013-02-20 11:43:02,2014-10-11 19:04:08,False,/r/memes/comments/18vqva/if_blues_clues_was_made_for_adults_this_is_much/,http://i.imgur.com/EgD7fzs.jpg,"Here's the mail, it never fails
Еск,
it makes me wanna wag my tail
When it comes I wanna wail.
iCK
NOGGIN
BIIILLLLLLLLSSSS!
Hey look.
It's a letter from the
collection agency.
"
When I woke up to the flu this morning..,119,0.0,2,iCAzQhs.jpg,1359160559,2013-01-26 00:35:59,2014-10-13 00:54:20,False,/r/memes/comments/17af8z/when_i_woke_up_to_the_flu_this_morning/,http://i.imgur.com/iCAzQhs.jpg,"I feel it
"
Alien superiority over humans,119,0.0,14,gTPtgtJ.jpg,1370220485,2013-06-03 00:48:05,2014-10-02 21:11:25,False,/r/memes/comments/1fjuf2/alien_superiority_over_humans/,http://i.imgur.com/gTPtgtJ.jpg,"WHY THE FUCK ARE ALIENS
THAT ARE CAPABLE OF INTERGALACTIC TRAVEL
ALWAYS DEFEATED
BY HUMANS
"
Why can't everyone just do this?,118,0.0,9,QYchSwE.jpg,1360116684,2013-02-06 02:11:24,2014-10-12 14:32:31,False,/r/memes/comments/17z1rj/why_cant_everyone_just_do_this/,http://i.imgur.com/QYchSwE.jpg,"SEES EMPTY SHOPPING CARTIN
PARKING LOT
BRINGS IT BACK TO STORE
"
Food? Nah...how about Good instead?,118,0.0,2,r9krBPV.jpg,1368794645,2013-05-17 12:44:05,2014-10-03 12:35:29,False,/r/memes/comments/1eiiqi/food_nahhow_about_good_instead/,http://i.imgur.com/r9krBPV.jpg,"I DONT ALWAYS SPELL WORDS
CORRECTLY ON MY IPHONE
BUT WHEN I DO I EXPECT THEM
NOT TO BE CHANGED INTO
ENTIRELY DIFFERENT WORDS
"
How I game,117,0.0,2,LGLBkW3.jpg,1366650170,2013-04-22 17:02:50,2014-10-07 22:09:43,False,/r/memes/comments/1cvfsi/how_i_game/,http://i.imgur.com/LGLBkW3.jpg,"THE GAMER SITUP
DURING CUTSCENE
DURING GAMEPLAY
VIDEOGAMES.MEMEBASE.COM
"
story of my life when buying clothes,116,0.0,7,too-big-for.jpg,1366332443,2013-04-19 00:47:23,2014-10-08 21:42:07,False,/r/memes/comments/1cnaf7/story_of_my_life_when_buying_clothes/,http://makeameme.org/media/created/too-big-for.jpg,"TOO BIG FOR MEDIUM
TOO SMALL FOR LARGE
makeameme.org
"
Lemon fail,115,0.0,2,ucLhR3t.jpg,1369773048,2013-05-28 20:30:48,2014-10-03 02:10:43,False,/r/memes/comments/1f7zoh/lemon_fail/,http://i.imgur.com/ucLhR3t.jpg,"Issour sonobodywouldeatit
Gets eaten because it is sour
"
bed time! shift over!,115,0.0,2,M07KApD.jpg,1366897821,2013-04-25 13:50:21,2014-10-07 19:00:00,False,/r/memes/comments/1d2ypl/bed_time_shift_over/,http://i.imgur.com/M07KApD.jpg,"WAKE UP AMERICA
I'M TIRED!!
mematic.net
"
Whenever I post pictures of my pets,114,0.0,1,2P7z6F1.jpg,1372009114,2013-06-23 17:38:34,2014-10-01 16:22:10,False,/r/memes/comments/1gx1af/whenever_i_post_pictures_of_my_pets/,http://i.imgur.com/2P7z6F1.jpg,"NOT SURE IF MY PETS ARE
UGLY
OR I JUST TAKE BAD
PICTURES
"
Everyone has this friend in their group of friends,113,0.0,10,HUK4rW4.jpg,1369886790,2013-05-30 04:06:30,2014-10-03 00:43:50,False,/r/memes/comments/1fbevu/everyone_has_this_friend_in_their_group_of_friends/,http://i.imgur.com/HUK4rW4.jpg,"BRINGS NOTHING
ТО THE POTLUСК
EATS TWICE AS
MUCH AS EVERYBODY
"
As a redditor who doesn't know anything about Xbox one or ps4,113,0.0,1,E910pRJ.jpg,1370620794,2013-06-07 15:59:54,2014-10-02 16:06:49,False,/r/memes/comments/1fv9lp/as_a_redditor_who_doesnt_know_anything_about_xbox/,http://i.imgur.com/E910pRJ.jpg,"I DON'T KNOW WHAT WE'RE YELLING
ABOUT!!
egenerator.net
"
Happens every time....,113,0.0,0,1rXicQX.png,1372489100,2013-06-29 06:58:20,2014-09-30 21:14:35,False,/r/memes/comments/1hatfq/happens_every_time/,http://i.imgur.com/1rXicQX.png,"ITS FRIDAY NIGHTAND IM DRUNK
ON REDDIT
UPVOTE ALL THE
THINGS
memegenarator.net
"
Is it too early?,109,0.0,2,okUf2Lu.jpg,1366471356,2013-04-20 15:22:36,2014-10-08 00:17:46,False,/r/memes/comments/1cqsuq/is_it_too_early/,http://i.imgur.com/okUf2Lu.jpg,"Not sure if no 4/20 posts
Or stoners haven't woken up yet
rer.ne
"
Happens every damn time!,108,0.0,0,z5ZBpMS.jpg,1366331361,2013-04-19 00:29:21,2014-10-08 21:43:09,False,/r/memes/comments/1cn8z4/happens_every_damn_time/,http://i.imgur.com/z5ZBpMS.jpg,"SCUMBAG CHEEK
OH, YOU BIT YOUR CHEEK? HERE, LET ME
MAKE IT SWELL SO YOU CAN BITE IT AGAIN
"
What happens when I'm up late on the computer,107,0.0,7,BCwE1.jpg,1358320754,2013-01-16 07:19:14,2014-10-13 09:54:18,False,/r/memes/comments/16o9sd/what_happens_when_im_up_late_on_the_computer/,http://i.imgur.com/BCwE1.jpg,"Alright people, what should we do
at 2 in the morning?
Masturbate!
Far Cry!
Sleep?
See More Crazy Pictures & Videos on Owned.com
"
"Seriously, about time Los Angeles DOT",107,0.0,4,9xFLi3u.jpg,1367728051,2013-05-05 04:27:31,2014-10-07 09:39:38,False,/r/memes/comments/1dptrs/seriously_about_time_los_angeles_dot/,http://i.imgur.com/9xFLi3u.jpg,"BEEN CYCLING TO WORK FOR
5 YEARS
NEW BIKE LANE ADDED TODAY
"
Bad Luck Brian,105,0.0,5,5dgo05b.jpg,1360177978,2013-02-06 19:12:58,2014-10-12 13:59:04,False,/r/memes/comments/180j1z/bad_luck_brian/,http://i.imgur.com/5dgo05b.jpg,"PLANS LUNCH WITH MOM
STOOD UP
"
Yup... Overly Attached Girlfriends takes it to another level O.o,105,0.0,6,I5SucOv.jpg,1363459735,2013-03-16 18:48:55,2014-10-10 21:02:25,False,/r/memes/comments/1af694/yup_overly_attached_girlfriends_takes_it_to/,http://i.imgur.com/I5SucOv.jpg,"This meme brought to
you by Red Bull
led Bull
Red Bu
ENEF E
Keeping you awake so
you can watch him
Vsleep
"
When my cousin told me he didn't know how his girlfriend got pregnant. ,103,0.0,6,95rvxUW.jpg,1359118017,2013-01-25 12:46:57,2014-10-13 01:29:36,False,/r/memes/comments/1793qy/when_my_cousin_told_me_he_didnt_know_how_his/,http://i.imgur.com/95rvxUW.jpg,"HOW THE FUCK
DO YOU THINK IT HAPPENED
"
Just happened to me.,103,0.0,3,K6AGZUH.jpg,1361204905,2013-02-18 16:28:25,2014-10-11 20:47:17,False,/r/memes/comments/18r8wj/just_happened_to_me/,http://i.imgur.com/K6AGZUH.jpg,"HAVE TO POOP
CANT FIND MY CELLPHONE
"
Poor little Brian ,101,0.0,2,rOspm.jpg,1357245948,2013-01-03 20:45:48,2014-10-13 20:54:08,False,/r/memes/comments/15wobb/poor_little_brian/,http://i.imgur.com/rOspm.jpg,"GIRLFRIEND AGREES TO
DO ANAL
SHE BRINGS STRAP-ON
"
The happiest thing on earth :D,101,0.0,1,5LpQJwT.jpg,1366061389,2013-04-15 21:29:49,2014-10-09 01:08:47,False,/r/memes/comments/1cezti/the_happiest_thing_on_earth_d/,http://i.imgur.com/5LpQJwT.jpg,"""WEEEEEEEEEEEEEEEE!!
- GRASS
"
Keep Quiet Kid,101,0.0,1,4mcdXWp.jpg,1368807288,2013-05-17 16:14:48,2014-10-03 12:26:28,False,/r/memes/comments/1eiw7o/keep_quiet_kid/,http://i.imgur.com/4mcdXWp.jpg,"KEEP QUIET KID.
CHEWYS ABOUT TO DROP THE BASS!
"
When it's my friends birthday,100,0.0,1,0sQUp4z.jpg,1361121060,2013-02-17 17:11:00,2014-10-11 21:36:02,False,/r/memes/comments/18p4ge/when_its_my_friends_birthday/,http://i.imgur.com/0sQUp4z.jpg,"TOUCH MY CAKE
AND I WILL CUT YOU
www.LeFurny.net
"
Sheltering Ted,100,0.0,2,i0kadK1.jpg,1360209417,2013-02-07 03:56:57,2014-10-12 13:35:06,False,/r/memes/comments/181mj2/sheltering_ted/,http://i.imgur.com/i0kadK1.jpg,"TELLS KIDS ABOUT EVERY SEXUAL
EXPERIENCE HIM AND HIS FRIENDS HAD
WON'T TELL THEM HE
SMOKED WEED.
quickmeme.com
animal
memes
.com
"
At least he likes brownies.,100,0.0,0,iesbbGE.jpg,1370974147,2013-06-11 18:09:07,2014-10-02 04:53:26,False,/r/memes/comments/1g4xcy/at_least_he_likes_brownies/,http://i.imgur.com/iesbbGE.jpg,"IFYOU BRING THE BROWNIES, I'L.
HANG ON -
I'M GETTING ANOTHER CALL
WHAT KIND OF BROWNIES?
"
When I tell my black friend a racist joke,100,0.0,1,OODMkaF.jpg,1372292721,2013-06-27 00:25:21,2014-09-30 23:49:44,False,/r/memes/comments/1h58z5/when_i_tell_my_black_friend_a_racist_joke/,http://i.imgur.com/OODMkaF.jpg,"NOT GONNA LIE
THAT WAS PRETTY GOOD
"
As a college student I always wondered this,99,0.0,10,eHjDKcN.jpg,1368413904,2013-05-13 02:58:24,2014-10-03 23:25:40,False,/r/memes/comments/1e80et/as_a_college_student_i_always_wondered_this/,http://i.imgur.com/eHjDKcN.jpg,"IFIREMOVE MY
WINDSHIELD WIPERS.
WILLISTILL GET
PARKING TICKETS?
"
"Mittens the Destroyer, makes me laugh every time ",98,0.0,0,v4CBdCG.jpg,1362539778,2013-03-06 03:16:18,2014-10-11 06:42:04,False,/r/memes/comments/19r3h3/mittens_the_destroyer_makes_me_laugh_every_time/,http://i.imgur.com/v4CBdCG.jpg,"Mittens the Destroyer
Wears the head of his enemy
"
Let's cut to the chase,97,0.0,1,00ciMjq.jpg,1361145716,2013-02-18 00:01:56,2014-10-11 21:18:31,False,/r/memes/comments/18pvzm/lets_cut_to_the_chase/,http://i.imgur.com/00ciMjq.jpg,"YEAH, IF YOU COULD,GIVE ME IMAGINARY
POINTS FOR MY IMAGINARY BIRTHDAY
THAT WOULD BE GREAT
"
I got frosting in his eye :(,97,0.0,2,k0GBias.jpg,1361074972,2013-02-17 04:22:52,2014-10-11 21:54:28,False,/r/memes/comments/18od1a/i_got_frosting_in_his_eye/,http://i.imgur.com/k0GBias.jpg,"TRYING TO BE CUTE AND FEED
MY BOYFRIEND WITH A FORK
POKE HIM IN THE EYE
quickmeme.com
"
"A few years late, but anyone else remember being let down?",96,0.0,5,Wo6ABLq.jpg,1359491133,2013-01-29 20:25:33,2014-10-12 21:23:09,False,/r/memes/comments/17ik4r/a_few_years_late_but_anyone_else_remember_being/,http://i.imgur.com/Wo6ABLq.jpg,"PROMISES GROUNDBREAKING
INNOVATIVE NEW PRODUCT
$300 FAN
"
Snow White: Cartoon Logic,96,0.0,1,jEZ5QWf.jpg,1362794339,2013-03-09 01:58:59,2014-10-11 03:51:06,False,/r/memes/comments/19y6o1/snow_white_cartoon_logic/,http://i.imgur.com/jEZ5QWf.jpg,"FIND ABANDONED COTTAGE
CLEAN IT
Quickmeme.com
"
JUST BEWARE,94,0.0,2,JQkcdR1.jpg,1365435499,2013-04-08 15:38:19,2014-10-09 08:02:22,False,/r/memes/comments/1bx7ta/just_beware/,http://i.imgur.com/JQkcdR1.jpg,"BEWARE OF
THE
of what?
OF THE
UNKNOWN !
"
Anything but a post about a new gaming system.,94,0.0,5,3usypn.jpg,1370957704,2013-06-11 13:35:04,2014-10-02 05:09:14,False,/r/memes/comments/1g4b5x/anything_but_a_post_about_a_new_gaming_system/,http://i.qkme.me/3usypn.jpg,"NOT A POST ABOUT XBOX ONE OR PS4?
BRILLIANT!
FUCK IT. HAVE AN UPVOTE.
quickmeme.com
BO
"
As a guy seeing how long I can go without fapping,94,0.0,7,ZogRPkx.jpg,1372093006,2013-06-24 16:56:46,2014-10-01 15:27:33,False,/r/memes/comments/1gz7sq/as_a_guy_seeing_how_long_i_can_go_without_fapping/,http://i.imgur.com/ZogRPkx.jpg,"temptations
temptations everywhere
GENERATORMEME.COM
"
On tonight's SNL...,92,0.0,0,o4386K5.jpg,1360477145,2013-02-10 06:19:05,2014-10-12 04:16:13,False,/r/memes/comments/188iby/on_tonights_snl/,http://i.imgur.com/o4386K5.jpg,"WANTS TO WATCH SNL FOR THE
FIRST TIME AFTER A LONG
ABSENCE
JUSTIN BIEBER
HOSTING
"
Shotgun,92,0.0,4,JvDvvKn.jpg,1371334364,2013-06-15 22:12:44,2014-10-02 00:19:50,False,/r/memes/comments/1gf71t/shotgun/,http://i.imgur.com/JvDvvKn.jpg,"I DONT ALWAYS SIT SHOTGUN
BUT WHEN I DO, I PRESS THE PHANTOM
BRAKE AS OFTEN AS POSSIBLE
"
One more lime.,91,0.0,0,K7YloXp.jpg,1368083692,2013-05-09 07:14:52,2014-10-07 05:56:03,False,/r/memes/comments/1dzm5r/one_more_lime/,http://i.imgur.com/K7YloXp.jpg,"ONE MORE LIME
"
And for my very first post...,90,0.0,1,YS6DPd5.png,1361239414,2013-02-19 02:03:34,2014-10-11 20:19:16,False,/r/memes/comments/18sh3h/and_for_my_very_first_post/,http://i.imgur.com/YS6DPd5.png,"I find this attire
appeeling
"
why so many nutter-butters billy?! why!!!,90,0.0,0,311380_386938344714787_1194635345_n.jpg,1360275119,2013-02-07 22:11:59,2014-10-12 12:58:12,False,/r/memes/comments/183axd/why_so_many_nutterbutters_billy_why/,http://3.bp.blogspot.com/-67QYGllkXNU/UPAUibkE5CI/AAAAAAAAAec/V-mbEOzNh6E/s1600/311380_386938344714787_1194635345_n.jpg,"Billy has 32 candy bars. He eats 28.
What does he have now?
Diabetes.
Billy has diabetes.
Aana
1467
+316
1863
122
41
Mydog
Cece
Eeee
somee cards
user card
"
"Saw this on my Facebook wall. It needed fixing, so I fixed it.",90,0.0,0,ZuJdjNI.jpg,1366582028,2013-04-21 22:07:08,2014-10-07 23:02:20,False,/r/memes/comments/1ctol0/saw_this_on_my_facebook_wall_it_needed_fixing_so/,http://i.imgur.com/ZuJdjNI.jpg,"Seeing boys play
with little kids is
probably one of the
most attractive things ever.
makemestfu - tumbir
AWW
THANK YOU
memegenerator.net
"
Double Conspiracy,90,0.0,5,a4rGtYx.jpg,1364684173,2013-03-30 22:56:13,2014-10-10 08:09:11,False,/r/memes/comments/1bbs1s/double_conspiracy/,http://i.imgur.com/a4rGtYx.jpg,"WHAT IF THE GOVERNMENT MAKES ALL
OF THE CONSPIRACY KEANU MEMES
JUST TO MAKE PEOPLE NOT BELEIVE
THESE THINGS?
"
The last flies,90,0.0,1,57Tbjas.jpg,1372136666,2013-06-25 05:04:26,2014-10-01 01:50:42,False,/r/memes/comments/1h0qh9/the_last_flies/,http://i.imgur.com/57Tbjas.jpg,"HEY DUDE, PRETTY SUREI JUST
GOT THE LAST OF THE FLIES
SO, YOU KNOW, YOU CAN PUT DOWN
THAT FLY SWATTER
"
Yippee-ki-yay...?,89,0.0,1,xXWrToo.jpg,1360936018,2013-02-15 13:46:58,2014-10-11 23:21:17,False,/r/memes/comments/18kw51/yippeekiyay/,http://i.imgur.com/xXWrToo.jpg,"NOT SURE IF METEOR SHOWER IN
RUSSIA
OR ANOTHER DIE HARD
PROMO
memegenerator.net
"
"You're a wizard, Neo. ",89,0.0,7,1JJ6j.jpg,1357078729,2013-01-01 22:18:49,2014-10-13 22:43:09,False,/r/memes/comments/15sghu/youre_a_wizard_neo/,http://i.imgur.com/1JJ6j.jpg,"""You're a wizard, Neo.""
- Yoda
"
Baaa'aaaad stuffs afoot,88,0.0,3,zAOFPoA.jpg,1359338963,2013-01-28 02:09:23,2014-10-12 23:08:17,False,/r/memes/comments/17eigx/baaaaaaad_stuffs_afoot/,http://i.imgur.com/zAOFPoA.jpg,"SHIT JUST
GOAT SERIOUS
"
When I finally get home from work...,88,0.0,0,OB0lYiH.jpg,1368317056,2013-05-12 00:04:16,2014-10-04 00:28:19,False,/r/memes/comments/1e5ncy/when_i_finally_get_home_from_work/,http://imgur.com/OB0lYiH.jpg,"LOOK AT ALL
THE NSFW PICS
"
Sammy the sausage.,88,0.0,7,cStEQQ4.jpg,1366941655,2013-04-26 02:00:55,2014-10-07 18:18:42,False,/r/memes/comments/1d4kl7/sammy_the_sausage/,http://i.imgur.com/cStEQQ4.jpg,"WHY THE FUCK
DID YOU KEEP A STOLEN
SASUAGE FOR 18 YEARS
"
A poem,88,0.0,3,hqhE9oK.jpg,1371913706,2013-06-22 15:08:26,2014-10-01 17:16:06,False,/r/memes/comments/1guw6d/a_poem/,http://i.imgur.com/hqhE9oK.jpg,"Upvotes are red
5 is too old
Downvotes àre blue
How about 2?
Not sure if misspelled
You need a doctor
Or just not a real word
why not Zoidberg?
Test next week
Me go to class?
Yeah thats funny
Better study
OMG I just broke up
with Brad
You're gonna die
Once you hear
this rhyme
For the 3rd time
Now try to get off Reddit,
and get some sun!
Well, this is the
end and it sure was
fun.
(I Cant, I need help)
"
Crazy women,87,0.0,3,oPe0mPz.jpg,1370739543,2013-06-09 00:59:03,2014-10-02 14:47:13,False,/r/memes/comments/1fyfxm/crazy_women/,http://i.imgur.com/oPe0mPz.jpg,"NOT REALLY SURE IF
1ATTRACT CRAZY WOMEN OR
IF I'M ATTRACTED
TO CRAZY WOMEN
"
You free tonight?,87,0.0,0,1XDrXfG.jpg,1367300168,2013-04-30 05:36:08,2014-10-07 14:12:58,False,/r/memes/comments/1de7vy/you_free_tonight/,http://i.imgur.com/1XDrXfG.jpg,"ARE YOU FREE TONIGHT
OR ARE YOU GONNA COST
ME?
"
Smartphone's voice-to-text doesn't realize you can judge your own contact's maturity level,87,0.0,1,gyShrDz.png,1372499186,2013-06-29 09:46:26,2014-09-30 21:10:39,False,/r/memes/comments/1hayjx/smartphones_voicetotext_doesnt_realize_you_can/,http://i.imgur.com/gyShrDz.png,"YEAH, IF YOU COULD GO, AHEAD & STOP AUTO-
CENSORING MY SWEAR WORDS
THAT'D BE GREEEAAAT
made on imgur
"
I miss this guy,86,0.0,1,y7JVH4i.jpg,1360560463,2013-02-11 05:27:43,2014-10-12 03:29:52,False,/r/memes/comments/18ak9m/i_miss_this_guy/,http://i.imgur.com/y7JVH4i.jpg,"Sir, we found semen
in the victim's ear,
she heard
Seems like.
the killer coming.
YEEAAAAH
"
What the heck Microsoft?!,86,0.0,4,yKkkVUo.jpg,1359148879,2013-01-25 21:21:19,2014-10-13 01:05:44,False,/r/memes/comments/17a0wi/what_the_heck_microsoft/,http://i.imgur.com/yKkkVUo.jpg,"NO KEYBOARD DETECTED. PRESS FITO
CONTINUE.
memeganuraornet
"
"I don't always eat McNuggets, but when I do...",86,0.0,1,XXl4gGn.jpg,1361206178,2013-02-18 16:49:38,2014-10-11 20:46:25,False,/r/memes/comments/18rae2/i_dont_always_eat_mcnuggets_but_when_i_do/,http://i.imgur.com/XXl4gGn.jpg,"I DON'T ALWAYS EAT
MCNUGGETS; BUT WHEN I DO.
...
I'M SHITFACED DRUNK
AND EAT'LIKE 5O OF
THOSE BAD BOYS
"
Anybody else get screwed over at job fairs most of the time,86,0.0,8,cEHzMXr.png,1366121186,2013-04-16 14:06:26,2014-10-09 00:30:25,False,/r/memes/comments/1cglq3/anybody_else_get_screwed_over_at_job_fairs_most/,http://i.imgur.com/cEHzMXr.png,"COLLEGE JOB FAIRS
BECAUSE YES I WOULD LOVE TO GET DRESSED UP
TO HEAR HOW AWESOME MCDONALDS IS TO WORK FOR
"
Why not zoidberg?,86,0.0,0,syuotox.jpg,1363885586,2013-03-21 17:06:26,2014-10-10 16:12:09,False,/r/memes/comments/1aqpyf/why_not_zoidberg/,http://i.imgur.com/syuotox.jpg,"NEED A RELATIVELY SIMPLE MEME TO
START WITH?
WHYNOT ZOIDBERG?
"
dementia,86,0.0,5,5hZ21Bo.jpg,1369956266,2013-05-30 23:24:26,2014-10-02 23:56:29,False,/r/memes/comments/1fdbpt/dementia/,http://i.imgur.com/5hZ21Bo.jpg,"there's no such thingas a repost
when you have dementia
"
It's really not that bad,86,0.0,13,8PejIGd.jpg,1369956096,2013-05-30 23:21:36,2014-10-02 23:56:36,False,/r/memes/comments/1fdbir/its_really_not_that_bad/,http://i.imgur.com/8PejIGd.jpg,"AM I THE ONLY ONE AROUND HERE
THAT DOESN'T FIND POOPING
AT WORK AWKWARD
"
After listening to the radio for 5 minutes for the first time in a long time because iPod died.,86,0.0,5,GRSgNpJ.jpg,1369015531,2013-05-20 02:05:31,2014-10-03 10:23:15,False,/r/memes/comments/1eo35j/after_listening_to_the_radio_for_5_minutes_for/,http://i.imgur.com/GRSgNpJ.jpg,"IF NICKI MINAJ AND PITBULL
WOULD GO AWAY FOREVER
I WOULD BE SO HAPPY
"
I forgot how funny this show was,85,0.0,4,Wy7GgNu.jpg,1362194044,2013-03-02 03:14:04,2014-10-11 10:03:50,False,/r/memes/comments/19i5bc/i_forgot_how_funny_this_show_was/,http://i.imgur.com/Wy7GgNu.jpg,"Jumping out of helicopters is dangerous.
You know, they say 1 in 5 people don't
even make it to the ground.
What do you mean they don't make it to
the ground? Where do they go?
haha.co/h/31806
Umcscarvalho / 9GAG
"
Orange,84,0.0,18,T3A7yTK.jpg,1361073493,2013-02-17 03:58:13,2014-10-11 21:55:30,False,/r/memes/comments/18obgd/orange/,http://i.imgur.com/T3A7yTK.jpg,"AIN'T NOBODY GOT RHYMES FO
THAT
memegenerator.net
"
I feel younger generations can learn from this one,84,0.0,1,hg1P3qX.jpg,1359747228,2013-02-01 19:33:48,2014-10-12 18:28:10,False,/r/memes/comments/17plm0/i_feel_younger_generations_can_learn_from_this_one/,http://i.imgur.com/hg1P3qX.jpg,"berge
-GIASBERGEN -
It's called reading.
It's how people install new
software into their brains.
"
when doing home work with Reddit in the background,83,0.0,0,LjHA8.jpg,1358475759,2013-01-18 02:22:39,2014-10-13 08:17:37,False,/r/memes/comments/16sisb/when_doing_home_work_with_reddit_in_the_background/,http://i.imgur.com/LjHA8.jpg,"STAY ON
TARGET
"
"My response to every ""Good Guy EA"" meme I've ever seen",83,0.0,0,t1LPrVL.jpg,1370707021,2013-06-08 15:57:01,2014-10-02 15:11:24,False,/r/memes/comments/1fxi76/my_response_to_every_good_guy_ea_meme_ive_ever/,http://i.imgur.com/t1LPrVL.jpg,"EA is nobody's friend.
If EA were an ice cream flavor, It
would be pralines and dick.
"
Asshole neighbor,83,0.0,3,pG035Ud.jpg,1367194221,2013-04-29 00:10:21,2014-10-07 15:39:31,False,/r/memes/comments/1daxvj/asshole_neighbor/,http://i.imgur.com/pG035Ud.jpg,"HOW THE FUCK
DOES MY NEIGHBOR NOT HEAR
HIS CAR ALARM GOING OFF
EVERY 10 MINUTES
"
Today was my lucky day,83,0.0,2,3Q64y3d.jpg,1369364996,2013-05-24 03:09:56,2014-10-03 06:17:38,False,/r/memes/comments/1ey682/today_was_my_lucky_day/,http://i.imgur.com/3Q64y3d.jpg,"RANARED LIGHT
COP WAS TEXTING
AND DIDNT SEE ME
"
Ummm... We can get lunch!,82,0.0,2,HfJYWJI.png,1362282287,2013-03-03 03:44:47,2014-10-11 09:18:14,False,/r/memes/comments/19k53i/ummm_we_can_get_lunch/,http://i.imgur.com/HfJYWJI.png,"IM NOT BUSY IFYOU WANT
E TO GO GET ME LUNCH
OR PREGNANT.
"
"For my Cakeday some old, sound advice.",82,0.0,6,3siqji.jpg,1365975601,2013-04-14 21:40:01,2014-10-09 02:06:19,False,/r/memes/comments/1ccjql/for_my_cakeday_some_old_sound_advice/,http://i.qkme.me/3siqji.jpg,"IF IMGUR SAYS FILE NOT FOUND
ADDJPG AFTER THE URL TO VIEW IT
ickmeme.com
"
She never does this..,81,0.0,0,HAhKv.jpg,1358543970,2013-01-18 21:19:30,2014-10-13 07:36:26,False,/r/memes/comments/16u7wh/she_never_does_this/,http://i.imgur.com/HAhKv.jpg,"TEACHER ENDS CLASS
30 MINS EARLY
BECAUSE ITS FRIDAY
"
Best feeling ever,81,0.0,1,FZYEVXK.jpg,1371825473,2013-06-21 14:37:53,2014-10-01 18:14:28,False,/r/memes/comments/1gsnsu/best_feeling_ever/,http://i.imgur.com/FZYEVXK.jpg,"HALF DAY AT WORK ON
FRIDAY
DIDNT FIND OUT UNTIL I
GOT TO WORK ON FRIDAY
"
"First they want our digital information, next thing you know...",81,0.0,3,5uKVBG6.jpg,1370701260,2013-06-08 14:21:00,2014-10-02 15:14:47,False,/r/memes/comments/1fxd6b/first_they_want_our_digital_information_next/,http://i.imgur.com/5uKVBG6.jpg,"WE'RE WITH THE NSA
1. Place ALL items in Tray
2. Remove all Footwear
and Outenwear
3. Allow TSA Inspection
4. Buckle your Safety Belt
TSA
WE JUST NEEDS TA
CHECK INSIDE YA ASS HOLE.
"
This word has lost all meaning,81,0.0,1,zEYkZY3.jpg,1372419498,2013-06-28 11:38:18,2014-09-30 22:16:14,False,/r/memes/comments/1h8qov/this_word_has_lost_all_meaning/,http://i.imgur.com/zEYkZY3.jpg,"TERRORISTS
""TERRORISTS""
"
My wife just dropped this one on me. She got up at noon and took a two hour nap today.,80,0.0,2,TgUaPQy.jpg,1370733894,2013-06-08 23:24:54,2014-10-02 14:51:01,False,/r/memes/comments/1fyah2/my_wife_just_dropped_this_one_on_me_she_got_up_at/,http://i.imgur.com/TgUaPQy.jpg,"I HAVE A SLIGHT HEADACHE
I THINK IT'S FROM
SLEEPING TOO MUCH
"
Just like a gang.,80,0.0,4,DJiPmJi.jpg,1368473213,2013-05-13 19:26:53,2014-10-03 22:46:35,False,/r/memes/comments/1e9h1w/just_like_a_gang/,http://i.imgur.com/DJiPmJi.jpg,"COUNTRIES ARE JŪST LARGER,
BETTER ORGANIZED GANGS
BE
THEY FLY FLAGS, REPRESENT THEIR
COLORS AND DEFEND THEIR PEOPLE.
"
that feeling when...,79,0.0,0,1jCjV.jpg,1364000592,2013-03-23 01:03:12,2014-10-10 14:53:57,False,/r/memes/comments/1au1bt/that_feeling_when/,http://i.imgur.com/1jCjV.jpg,"NOT SURE IF FART
OR DIARRHEA
"
I can't be the only one who does this,79,0.0,1,aiJIoNM.png,1363052126,2013-03-12 01:35:26,2014-10-11 01:18:35,False,/r/memes/comments/1a4cax/i_cant_be_the_only_one_who_does_this/,http://i.imgur.com/aiJIoNM.png,"YOU HAVE 1699 KARMA ON A
POST?
PU
BRILLIANT!
FUCK IT. HAVE AN
UPVOTE
memegenerator.net
"
These are the original terrorist fighters,79,0.0,3,EhbJOh2.png,1371054053,2013-06-12 16:20:53,2014-10-02 03:49:02,False,/r/memes/comments/1g7c20/these_are_the_original_terrorist_fighters/,http://i.imgur.com/EhbJOh2.png,"HOMELAND SECURITY
Fighting Terrorism Since 1492
"
I'll have one of those please..,78,0.0,0,7FfVCn9.jpg,1360415816,2013-02-09 13:16:56,2014-10-12 04:54:03,False,/r/memes/comments/186vks/ill_have_one_of_those_please/,http://i.imgur.com/7FfVCn9.jpg,"2THE TASTE ÖF
MEAME
SHET
BISHOPS
FINGER
ADNAM
Abbot
IPA
ALE
EIGHT YEAR
OLD BOY
"
Works sucks today,78,0.0,2,Hnsw1.png,1360254107,2013-02-07 16:21:47,2014-10-12 13:15:04,False,/r/memes/comments/182jvc/works_sucks_today/,http://i.imgur.com/Hnsw1.png,"In addition to Casual Friday, I
propose the following:
Punch a Coworker
Monday, No Pants/Shirt
Tuesday, Drunk at Work
Wednesday, and Call in
Sick Thursday.
yourecards
someecards.com
...
"
Walk into the club...,78,0.0,3,KDzN9st.jpg,1366823979,2013-04-24 17:19:39,2014-10-07 19:56:38,False,/r/memes/comments/1d0rp3/walk_into_the_club/,http://i.imgur.com/KDzN9st.jpg,"WALK INTO THE CLUB
LIKE
""WHAT UP, I-GOT A BIG
COCK!""
"
"The neighbor and I when he saw I shoveled his sidewalk before he came out to do it this morning, and I didn't accept money",78,0.0,3,TeWQtNy.jpg,1364212741,2013-03-25 11:59:01,2014-10-10 13:06:42,False,/r/memes/comments/1ayvtc/the_neighbor_and_i_when_he_saw_i_shoveled_his/,http://i.imgur.com/TeWQtNy.jpg,"Bless you!
1 didn't sneeze..
"
Good Guy Pitbull,77,0.0,5,76QGECf.jpg,1364448723,2013-03-28 05:32:03,2014-10-10 10:34:08,False,/r/memes/comments/1b5upu/good_guy_pitbull/,http://i.imgur.com/76QGECf.jpg,"SAYS HIS NAMEATTHE START OF EVERY SONG
SO YOU HAVE TIME
TO CHANGE THE STATION
"
trying a new meme: words of disputable wisdom,77,0.0,4,Fiix0Op.jpg,1370019703,2013-05-31 17:01:43,2014-10-02 23:18:10,False,/r/memes/comments/1fewbo/trying_a_new_meme_words_of_disputable_wisdom/,http://i.imgur.com/Fiix0Op.jpg,"ITS BETTER TO BURP FROM YOUR BUTT
THAN TO FART FROM YOUR MOUTH
"
materials engineer hears daft punk,76,0.0,5,PNNOJzL.jpg,1372088194,2013-06-24 15:36:34,2014-10-01 15:31:33,False,/r/memes/comments/1gz1w3/materials_engineer_hears_daft_punk/,http://i.imgur.com/PNNOJzL.jpg,"HARDER, BETTER, FASTER, STRONGER
BRITTLE, LESS DUCTILE
MALLEABLE
LOWIONIZATION ENERGY
"
I MUST GO! ,75,0.0,1,4Wjjp.jpg,1357613998,2013-01-08 02:59:58,2014-10-13 17:02:55,False,/r/memes/comments/165s0r/i_must_go/,http://i.imgur.com/4Wjjp.jpg,"I MUST GO
MY PLANET NEEDS ME
"
Finally silence on my Facebook,75,0.0,5,FhiKm.jpg,1357062132,2013-01-01 17:42:12,2014-10-13 22:55:04,False,/r/memes/comments/15s0ch/finally_silence_on_my_facebook/,http://i.imgur.com/FhiKm.jpg,"Hide all stories from which sources
Posts from SongPop willonger appear in your News Feed. Euws Feed Options
Posts from Ruzzlel no longer appear in your News Feed. Edit News Options
Posts from Va pire Diaries: Get Sucked In will no longer appear in your New Feed. Edit News
Feed Option
Posts fro Bubble Witch Saga will no longer appear in your News Feed. Edit News eed
Options
Posts om The Hotel Transylvania Game will no longer appear in your News Feed. Ed News
Feed ptions
Post from Stars Connect will no longer appea
Pos from Wedding St
Po s from Marvel: Avenge Alliance wi anger aprear in
O ons
Ets from The LastUne
sts from Merlin The Gam
sts from CSI: Crime City w
P ts fro criminal Case will no longer
Pos frm Dreamla t
Post fram The
Feed tions
Posts fro Wings o Destiny: New RPG Game! will
News Feed tions
Posts from Myhe Guardians will no longer appear in four News Feed. EditNews Feed
Options
vews Feed. Edit News Feed Opts
Feed Optns
News Feed Edit News feed
h your New
longer abrin your ews Fe Edit Newed Options
ews Feed Otions
eL News Feed Optons
it News Feed Opticns
pption
ur News Feed E News
pear in
app
News F
News Feed Ean
er Games Adventu
nger appear in your Néws Fed. Edit
Posts from House M.D.: Cl Cases will no longer appear in your N Feed. Edit News
Feed Options
"
Because Photoshop...,75,0.0,5,GR7LvYm.jpg,1361184522,2013-02-18 10:48:42,2014-10-11 20:56:34,False,/r/memes/comments/18qu7o/because_photoshop/,http://i.imgur.com/GR7LvYm.jpg,"时尚
芭莎
AR
Harper's
MARCH 20133A
*NAR CHARPERSRAZAAR)
原权合作
时尚女王
纽约风尚
Sarah
元成美艳
新春装
几何风格
美丽自控力。。
长久美下去、
彩妆教父25周年
李东田杰作选
個神徐峰
藏地殊圣
天珠传奇
110年100部经典山影
愛情无斑题
春人专号
1SSN 1673-0828
O时尚站
F O sao webo.cem/pazaarchina
PHOTOSHOP
HD
ISTORY.COM
"
Civil Rights,75,0.0,1,olN8rHZ.jpg,1367614647,2013-05-03 20:57:27,2014-10-07 10:38:36,False,/r/memes/comments/1dn4hd/civil_rights/,http://i.imgur.com/olN8rHZ.jpg,"LOOK AT-ALL THESE GREAT
CIVIL RIGHTSIHAVE
AAAAND THEY'RE GONE
"
How I feel about my assignments..,74,0.0,0,lmN5NS9.png,1360415577,2013-02-09 13:12:57,2014-10-12 04:54:09,False,/r/memes/comments/186vgs/how_i_feel_about_my_assignments/,http://i.imgur.com/lmN5NS9.png,"A DAY MAY COME, WHEN I
START MY ASSIGNMENTS
BUT IT IS NOT THIS DAY
"
This is me right now. You're welcome. ,74,0.0,3,w6v9TtQ.jpg,1359173118,2013-01-26 04:05:18,2014-10-13 00:44:19,False,/r/memes/comments/17as5z/this_is_me_right_now_youre_welcome/,http://i.imgur.com/w6v9TtQ.jpg,"DRUNK
UPVOTES TO
EVERYONE
"
How I felt as Muslim American when bombers name were released.,74,0.0,3,RbloXS2.jpg,1366494680,2013-04-20 21:51:20,2014-10-07 23:58:00,False,/r/memes/comments/1crjev/how_i_felt_as_muslim_american_when_bombers_name/,http://i.imgur.com/RbloXS2.jpg,"AH SHIT
RUSSIAN CHECHEN
"
Why i hate the gulf coast,74,0.0,2,mmqivkD.jpg,1364474914,2013-03-28 12:48:34,2014-10-10 10:24:33,False,/r/memes/comments/1b69s8/why_i_hate_the_gulf_coast/,http://i.imgur.com/mmqivkD.jpg,"IWILL SHIT ON
EVERYTHING YOULOVE
mememaker.ne
"
Life is hard.,74,0.0,0,JujL8UX.jpg,1364024246,2013-03-23 07:37:26,2014-10-10 14:41:34,False,/r/memes/comments/1aulpl/life_is_hard/,http://i.imgur.com/JujL8UX.jpg,"MY LIFE IS BRUTAL
ALL 8 YEARS OF IT
"
Spongebob Logic,74,0.0,3,HiV3O3i.jpg,1372573545,2013-06-30 06:25:45,2014-09-30 20:18:39,False,/r/memes/comments/1hcqlo/spongebob_logic/,http://i.imgur.com/HiV3O3i.jpg,"SHOOTING WITH FLAMETHROWER
UNDERWATER
ELECTRONIC APPLIANCES
@marshalcox
FIRE UNDER WATER?
SPONGÉBOB PHYSICS
A WATER SOAP BUBBLE DRINKING
FROM A STRAW
I'M TAKING A BATH
UNDERWATER
AT THE BOTTOM OF THE OCEAN
A boat on the
ocean IN the ocean
FUCK LOGIC
"
We've all been there,73,0.0,0,RJiFESu.jpg,1371719053,2013-06-20 09:04:13,2014-10-01 19:27:55,False,/r/memes/comments/1gpu7h/weve_all_been_there/,http://i.imgur.com/RJiFESu.jpg,"MY FACE WHEN IMISS MY ALARM
"
Been hanging out with a coworker who is in a relationship. Got drunk and decided to tell her.,73,0.0,5,P0u4Qxl.jpg,1367294155,2013-04-30 03:55:55,2014-10-07 14:17:38,False,/r/memes/comments/1de1e6/been_hanging_out_with_a_coworker_who_is_in_a/,http://i.imgur.com/P0u4Qxl.jpg,"TELL YOUR CRUSH HOW
YOU FEEL
AAAAAAANNDD ITS
AWKWARD
zipmeme
"
Everytime I go to a public washroom,73,0.0,3,EmbII5G.jpg,1369436023,2013-05-24 22:53:43,2014-10-03 05:33:01,False,/r/memes/comments/1f005t/everytime_i_go_to_a_public_washroom/,http://i.imgur.com/EmbII5G.jpg,"AM I THE ONLY ONE AROUND HERE
WHO FLUSHES THE TOILET
AFTER I TAKE A SHIT
imgflip.com
"
Possibly the best math question yet,72,0.0,5,MUQHyMT.jpg,1358554633,2013-01-19 00:17:13,2014-10-13 07:27:42,False,/r/memes/comments/16uklv/possibly_the_best_math_question_yet/,http://i.imgur.com/MUQHyMT.jpg,"AT THE START OF THE DAY I HAD 12 FUCKS IN MY
BASKET, AT THE END OF THE DAY I HAD A DOZEN
FUCKS LEFT IN MY BASKET,
IROPE
ASIA
MERi
HOW MANY FUCKS DIDIGIVE THAT
DAY?
"
Good thing! [X-post from r/funny],72,0.0,0,UTHJ4.jpg,1357617162,2013-01-08 03:52:42,2014-10-13 17:00:19,False,/r/memes/comments/165vz7/good_thing_xpost_from_rfunny/,http://i.imgur.com/UTHJ4.jpg,"OH, YOU CUT YOURSELF BECAUSE JUSTIN BIEBER SMOKED
A JOINT?
GOOD THING YOU'RE NOT A WIZ
KHALIFA FAN
memegenerator.net
"
This really sucks,71,0.0,10,T9wa204.jpg,1369673521,2013-05-27 16:52:01,2014-10-03 03:20:09,False,/r/memes/comments/1f584k/this_really_sucks/,http://i.imgur.com/T9wa204.jpg,"AM I THE
ONLY ONE AROUND HERE
WHO WORKS
ON NATIONAL HOLIDAYS
"
Bad luck Brianne,71,0.0,2,OJNlgWL.jpg,1364782816,2013-04-01 02:20:16,2014-10-10 07:10:24,False,/r/memes/comments/1be8vp/bad_luck_brianne/,http://i.imgur.com/OJNlgWL.jpg,"REACHED GOAL WEIGHT.
GOT
PREGNANT
memegenerator.net
"
"To my bf who keeps ""joking"" about me choosing to wait to have sex",71,0.0,14,DLfgqil.jpg,1372284802,2013-06-26 22:13:22,2014-09-30 23:56:42,False,/r/memes/comments/1h4zfi/to_my_bf_who_keeps_joking_about_me_choosing_to/,http://i.imgur.com/DLfgqil.jpg,"I'M NOT READY FOR SEX AND JUST
WANTA STABLE RELATIONSHIP
FUCK ME RIGHT?
(GHTP
quickmeme.com
"
Found this on a phone I bought off a friend,70,0.0,3,wcB0MaI.jpg,1361775456,2013-02-25 06:57:36,2014-10-11 14:48:42,False,/r/memes/comments/196ims/found_this_on_a_phone_i_bought_off_a_friend/,http://i.imgur.com/wcB0MaI.jpg,"KILL THEM.
KILL YOUR FAMILY FOR
LORD SATAN
"
Rickyisms,70,0.0,5,Je0G4RY.jpg,1364919315,2013-04-02 16:15:15,2014-10-10 05:19:59,False,/r/memes/comments/1bitdo/rickyisms/,http://i.imgur.com/Je0G4RY.jpg,"It doesn't ta ke
rocket appliances.
To get your grade 10
"
I guess dogs really do take after their owners,69,0.0,0,2O7ZjwP.png,1361638805,2013-02-23 17:00:05,2014-10-11 16:07:07,False,/r/memes/comments/1932h8/i_guess_dogs_really_do_take_after_their_owners/,http://i.imgur.com/2O7ZjwP.png,"Ifeel it
"
can't tell if carpet...,69,0.0,0,10yq9kJ.jpg,1362429649,2013-03-04 20:40:49,2014-10-11 08:00:55,False,/r/memes/comments/19nqfd/cant_tell_if_carpet/,http://i.imgur.com/10yq9kJ.jpg,"NOT SURE IF CARPET
OR FRY
memejelly.com
"
Good!,69,0.0,0,KKh8sj2.jpg,1364165295,2013-03-24 22:48:15,2014-10-10 13:30:25,False,/r/memes/comments/1axsq4/good/,http://i.imgur.com/KKh8sj2.jpg,"We are never ever ever
getting back together!
Good.
"
Reddit lately.  ,69,0.0,3,590Kp8B.jpg,1363838389,2013-03-21 03:59:49,2014-10-10 16:38:31,False,/r/memes/comments/1apofp/reddit_lately/,http://i.imgur.com/590Kp8B.jpg,"I DON'T ALWAYS MAKE A
MEME.
BUT WHEN I DO I MAKE SURE THE CAPTION
DOESN'T COVER UP THE ENTIRE FUCKING PHOTO.
"
Skeptical 3rd world kid on P.R.I.S.M.,69,0.0,0,J2rz35S.jpg,1371213786,2013-06-14 12:43:06,2014-10-02 01:45:00,False,/r/memes/comments/1gc1s1/skeptical_3rd_world_kid_on_prism/,http://i.imgur.com/J2rz35S.jpg,"YOU MEAN TO TELL ME, IF
YOU GIVE ME A CELL PHONE
THE US GOVERNMENT WILL SPEND BILLIONS JUST TO
KNOW WHEREIAM WHILE ISTARVE TO DEATH?
"
Everyone who has used pneumatic tube at work knows the feeling,69,0.0,3,gvFhc3p.jpg,1371985683,2013-06-23 11:08:03,2014-10-01 16:34:30,False,/r/memes/comments/1gwjw0/everyone_who_has_used_pneumatic_tube_at_work/,http://i.imgur.com/gvFhc3p.jpg,"What it looks like
What it feels like
"
Skygina,68,0.0,2,Dht04QQ.jpg,1359043712,2013-01-24 16:08:32,2014-10-13 02:25:14,False,/r/memes/comments/1770mo/skygina/,http://i.imgur.com/Dht04QQ.jpg,"10/10
Would bang
"
"Happy Martin Luther King Day, everybody!",68,0.0,3,355f8k.jpg,1358797067,2013-01-21 19:37:47,2014-10-13 05:09:58,False,/r/memes/comments/1707ro/happy_martin_luther_king_day_everybody/,http://i.qkme.me/355f8k.jpg,"I HAVE AMEME
quickmeeco
"
How I feel as a Penn State redditor,68,0.0,8,4Ol1zis.jpg,1364220135,2013-03-25 14:02:15,2014-10-10 13:03:27,False,/r/memes/comments/1az1c4/how_i_feel_as_a_penn_state_redditor/,http://imgur.com/4Ol1zis.jpg,"POST PICTURE WITH
PENN STATE LOGO
EVERY COMMENT IS
ABOUT RAPE
"
I'm so very awkward ,68,0.0,1,LjtFkgH.jpg,1358866046,2013-01-22 14:47:26,2014-10-13 04:24:03,False,/r/memes/comments/172188/im_so_very_awkward/,http://i.imgur.com/LjtFkgH.jpg,"CUTE GIRL IN CLASS STARTS
FLIRTING WITH ME
BETTER GO ON REDDIT
"
"Ladies, you feel me?",68,0.0,2,Uy98Wfv.png,1369430722,2013-05-24 21:25:22,2014-10-03 05:37:04,False,/r/memes/comments/1ezucy/ladies_you_feel_me/,http://i.imgur.com/Uy98Wfv.png,"HUSBAND IS GIVING ME A NICE BACKRU-
COMEDY
AAAAND HE'S TOUCHING MY BOOBS
uichiee.n
"
Finished my Tard sculpture today.,67,0.0,3,K1oPv.jpg,1357565260,2013-01-07 13:27:40,2014-10-13 17:41:47,False,/r/memes/comments/164a08/finished_my_tard_sculpture_today/,http://i.imgur.com/K1oPv.jpg,"MY PORTRAIT
T HATE IT
"
Saw this in my feed thought you guys may appreciate it too,67,0.0,2,UaUUxBH.jpg,1368995904,2013-05-19 20:38:24,2014-10-03 10:39:01,False,/r/memes/comments/1enffa/saw_this_in_my_feed_thought_you_guys_may/,http://i.imgur.com/UaUUxBH.jpg,"So you're telling me.
You smoke a plant that
makes you hungry, for fun?
"
Party Rock Anthem,67,0.0,1,unkCqra.jpg,1366857219,2013-04-25 02:33:39,2014-10-07 19:23:56,False,/r/memes/comments/1d21jy/party_rock_anthem/,http://i.imgur.com/unkCqra.jpg,"PARTY SPOCK IS IN THE HOUSE TONIGHT
EVERYBODY HAVE A LOGICAL TIME
"
This made my day,66,0.0,1,6yglyvO.jpg,1368131368,2013-05-09 20:29:28,2014-10-07 05:28:19,False,/r/memes/comments/1e0v9k/this_made_my_day/,http://i.imgur.com/6yglyvO.jpg,"I BROKE INTO A HOUSE TO
GET A WHITE GIRL
WHO MY NEIGHBOR HAD BEEN
HOLDING PRISONER FOR YEARS.
quickmam com
"
2 Girls,66,0.0,4,3t2xuf.jpg,1361454437,2013-02-21 13:47:17,2014-10-11 18:04:52,False,/r/memes/comments/18ybgh/2_girls/,http://i.qkme.me/3t2xuf.jpg,"WHAT COULD TWO GIRLS DO
WITH ONE CUP
quickmeme.com
"
Winning the lottery in USA,66,0.0,2,icCQkUF.png,1362498659,2013-03-05 15:50:59,2014-10-11 07:17:41,False,/r/memes/comments/19plv5/winning_the_lottery_in_usa/,http://i.imgur.com/icCQkUF.png,"WIN 500 DOLLARS
WIN 1000 DOLLARS
GET 500 DOLLARS
GET 500 DOLLARS
qutckmeme.com
quickmeme.com
"
Whenever I see these unfamiliar memes...,65,0.0,5,ESdmm.jpg,1365631553,2013-04-10 22:05:53,2014-10-09 05:43:37,False,/r/memes/comments/1c3d2l/whenever_i_see_these_unfamiliar_memes/,http://i.imgur.com/ESdmm.jpg,"WHAT DOES THAT MEAN?
"
Some men...,64,0.0,0,LPv2vh8.png,1361297674,2013-02-19 18:14:34,2014-10-11 19:46:53,False,/r/memes/comments/18twa0/some_men/,http://i.imgur.com/LPv2vh8.png,"SOME MEN
JUST WANT TO FEEL THE CLOTHES
TURN
"
Driving behind me,64,0.0,5,ginW57n.jpg,1367333590,2013-04-30 14:53:10,2014-10-07 13:52:43,False,/r/memes/comments/1dew0g/driving_behind_me/,http://i.imgur.com/ginW57n.jpg,"NOT SURE IF UNMARKED
СОР CAR
OR BLACK PERSON
memegenerator.net
"
My Spidey Sense Tells me Teacher is Wrong,63,0.0,1,DHS5W2M.jpg,1365247555,2013-04-06 11:25:55,2014-10-10 01:22:56,False,/r/memes/comments/1bsiak/my_spidey_sense_tells_me_teacher_is_wrong/,http://i.imgur.com/DHS5W2M.jpg,"teacher says, ""think outside the box""
BULLSHIT
"
Sloth knows,63,0.0,0,e0gbtK2.jpg,1364586857,2013-03-29 19:54:17,2014-10-10 09:06:41,False,/r/memes/comments/1b9emr/sloth_knows/,http://i.imgur.com/e0gbtK2.jpg,"WONDERS WHATITLOOKS LIKE DOWN
STAIRS
IF YOU KNOW WHAT I
MEAN
I KNOW WHAT YOU
MEAN
"
Girlfriend dropped this one on me this morning....,63,0.0,9,ZJK0BC5.jpg,1366373181,2013-04-19 12:06:21,2014-10-08 21:18:57,False,/r/memes/comments/1co8di/girlfriend_dropped_this_one_on_me_this_morning/,http://i.imgur.com/ZJK0BC5.jpg,"""YOU'RE SO CUTE
I JUST WANT TO CUT YOUR FACE
OFF AND KEEP IT WITH ME ALL
DAY""
"
SOCIETY,62,0.0,0,I3y92qR.jpg,1370230554,2013-06-03 03:35:54,2014-10-02 21:02:45,False,/r/memes/comments/1fk5ur/society/,http://i.imgur.com/I3y92qR.jpg,"HOW SOCIETY
HOW SOCIETY
WORKS
SHOULD WORKK
Seeders:
3316
Seeders:
33194
Leechers:
33194
Leechers:
3316
"
Every time I have McDonald's.,62,0.0,4,EQfSusV.jpg,1366900050,2013-04-25 14:27:30,2014-10-07 18:58:24,False,/r/memes/comments/1d316f/every_time_i_have_mcdonalds/,http://i.imgur.com/EQfSusV.jpg,"First bite = Orgazm in my mouth
%3D
always
Coca-Cola
Last bite = Giving birth
%3D
"
What you know about wearing a fez on ya noggin...,62,0.0,1,O7Da16H.jpg,1362747971,2013-03-08 13:06:11,2014-10-11 04:27:11,False,/r/memes/comments/19wqvx/what_you_know_about_wearing_a_fez_on_ya_noggin/,http://i.imgur.com/O7Da16H.jpg,"I WEAR YOUR GRANDDAD'S CLOTHES
I LOOK INCREDIBLE
emegenerator.net
"
Wife's friend dropped this the other day.,62,0.0,0,pwHmLT6.jpg,1371517383,2013-06-18 01:03:03,2014-10-01 22:04:51,False,/r/memes/comments/1gjztk/wifes_friend_dropped_this_the_other_day/,http://i.imgur.com/pwHmLT6.jpg,"CAN'T GET A GOOD
PICTURE OF MY ENGAGEMENT RING
BECAUSE ITS TOO BIG
"
Am I the only one...,62,0.0,5,vYufhJa.png,1367630174,2013-05-04 01:16:14,2014-10-07 10:28:40,False,/r/memes/comments/1dnl5u/am_i_the_only_one/,http://i.imgur.com/vYufhJa.png,"AM I THE ONLY ONE AROUND HERE
WHO THINKS THATEVERYTHING IN PUBLIC
RESTROOMS IS COVERED IN A THIN, INVISIBLE
LAYER OF SHIT
"
How I feel about math.,62,0.0,6,qN5HGDh.jpeg,1367439947,2013-05-01 20:25:47,2014-10-07 12:26:29,False,/r/memes/comments/1di5kb/how_i_feel_about_math/,http://www.imgur.com/qN5HGDh.jpeg,"SIMPLY APPLY
THE QUADRATIC EQUATION
"
Most Interesting OAG in the world,60,0.0,0,Ttp8iNL.jpg,1359273364,2013-01-27 07:56:04,2014-10-12 23:46:38,False,/r/memes/comments/17d0ir/most_interesting_oag_in_the_world/,http://i.imgur.com/Ttp8iNL.jpg,"IDONTALWAYS WATCH YOU
SLEEP
BUT WHEN IDO, ITS THROUGH MY
BINOCULARS
"
So awkward,60,0.0,0,nJIMmCq.jpg,1370097669,2013-06-01 14:41:09,2014-10-02 22:31:10,False,/r/memes/comments/1fgrpa/so_awkward/,http://i.imgur.com/nJIMmCq.jpg,"SENDS A GIRL A FRIEND REQUEST ON FACEBOOK
ADRENALINE RUSH
"
Just a little excited,60,0.0,4,jDy1DiY.jpg,1366985041,2013-04-26 14:04:01,2014-10-07 17:53:53,False,/r/memes/comments/1d5jl7/just_a_little_excited/,http://i.imgur.com/jDy1DiY.jpg,"FOUND OUT MY BOSS
IS A REDDITOR
TODAY WAS A GOOD
DAY
mematic.net
"
Ohhhh WinZip,59,0.0,2,KX9TvcU.jpg,1361648887,2013-02-23 19:48:07,2014-10-11 16:00:47,False,/r/memes/comments/193ctr/ohhhh_winzip/,http://i.imgur.com/KX9TvcU.jpg,"Youfreright Winzip
This Isn'ta free
program and I
should pay for it
mememaker.net
"
We were all thinking it today.,59,0.0,4,l9m24mg.jpg,1371706214,2013-06-20 05:30:14,2014-10-01 19:34:21,False,/r/memes/comments/1gplal/we_were_all_thinking_it_today/,http://i.imgur.com/l9m24mg.jpg,"FAMILY GUY TRIED TO WARN
HIM
HE DID NOT LISTEN
"
A couple of friends let us keep up our weekly ritual at their house even tho they were out of town. (Posted with permission of course),59,0.0,0,Pvk4igD.jpg,1368466526,2013-05-13 17:35:26,2014-10-03 22:53:30,False,/r/memes/comments/1e97yl/a_couple_of_friends_let_us_keep_up_our_weekly/,http://i.imgur.com/Pvk4igD.jpg,"GOES ON VACATION
STILL LETS VOU
WATCH GAME OF
THRONES ON THEIR
TV
"
A truly great occurrence.,58,0.0,1,uWcoywP.jpg,1360468197,2013-02-10 03:49:57,2014-10-12 04:21:06,False,/r/memes/comments/188aig/a_truly_great_occurrence/,http://i.imgur.com/uWcoywP.jpg,"Find cash in wallet
after a big night out
dafuq
ICANHASCHEEZBURGER.COM E
"
No Soup Today [Fixed],58,0.0,0,PuqTZFy.jpg,1365217375,2013-04-06 03:02:55,2014-10-10 01:34:46,False,/r/memes/comments/1brzhb/no_soup_today_fixed/,http://i.imgur.com/PuqTZFy.jpg,"NO SOUP TODAY
MISO SAD
"
I think we've all done this,58,0.0,5,I3iWvaw.jpeg,1363107865,2013-03-12 17:04:25,2014-10-11 00:47:34,False,/r/memes/comments/1a5mnp/i_think_weve_all_done_this/,http://www.imgur.com/I3iWvaw.jpeg,"STOPS AT A STOP
SIGN FOR OVER A MINUTE
WAITING FOR IT
TO TURN GREEN
"
"When I first realized the ""a"" button was upvote..",58,0.0,4,NYT4wi0.jpg,1371003989,2013-06-12 02:26:29,2014-10-02 04:22:16,False,/r/memes/comments/1g63f4/when_i_first_realized_the_a_button_was_upvote/,http://i.imgur.com/NYT4wi0.jpg,"FUCK IT
IBRILLIANT!
MATRAT
HAVE AN UPVOTE
quickmeme.com
"
This happened to me last night.. most Awkward moment ever followed,58,0.0,3,r35CI0K.jpg,1366951177,2013-04-26 04:39:37,2014-10-07 18:10:51,False,/r/memes/comments/1d4vu6/this_happened_to_me_last_night_most_awkward/,http://i.imgur.com/r35CI0K.jpg,"ITELL HER I'M GOING TO
EXIT
COME.
FCOME TO WHAT?""
"
Desmond Bryant needs a caption,57,0.0,1,IXKDAPd.jpg,1361987569,2013-02-27 17:52:49,2014-10-11 12:30:09,False,/r/memes/comments/19c7cg/desmond_bryant_needs_a_caption/,http://i.imgur.com/IXKDAPd.jpg,"* **
a23 AV
"
All is well...,57,0.0,2,7PNjW15.jpg,1370470694,2013-06-05 22:18:14,2014-10-02 17:56:33,False,/r/memes/comments/1fr21x/all_is_well/,http://i.imgur.com/7PNjW15.jpg,"21YR OLD FEMALE, GAVE A
RIDE TO A GUY IN NEED.
DIDN'T GET MURDERED AND
RECEIVED $14 FOR A 10
MINUTE RIDE
"
They were nice too,57,0.0,2,xT2viqg.jpg,1362022843,2013-02-28 03:40:43,2014-10-11 11:58:52,False,/r/memes/comments/19di0i/they_were_nice_too/,http://i.imgur.com/xT2viqg.jpg,"CAUGHT STARING AT A GIRLS BOOBS
TOLD HER THERE WAS A STAIN ON HER SHIRT AND THANKED ME
"
Lesson learned again this morning...,57,0.0,0,wTnC2yv.jpg,1365948698,2013-04-14 14:11:38,2014-10-09 02:25:36,False,/r/memes/comments/1cbq2z/lesson_learned_again_this_morning/,http://i.imgur.com/wTnC2yv.jpg,"limjust going to eatalittle fastfood.
COMEDY
ANNNDD.I feel like shit
mememaker.ne!
"
Confession bear on marriage equality.,57,0.0,0,fD4jxBq.jpg,1364735763,2013-03-31 13:16:03,2014-10-10 07:44:38,False,/r/memes/comments/1bcu4c/confession_bear_on_marriage_equality/,http://i.imgur.com/fD4jxBq.jpg,"IM NOT REALLY THAT
VOCAL ABOUT EQUAL RIGHTS
TJUST WANT TO STICK
IT TO MY SUPER-CONSERVATIVE FAMILY
"
Dragon Ball Z: Boardroom Suggestion,57,0.0,0,EqYbSwo.jpg,1364194530,2013-03-25 06:55:30,2014-10-10 13:12:07,False,/r/memes/comments/1aymub/dragon_ball_z_boardroom_suggestion/,http://i.imgur.com/EqYbSwo.jpg,"Alright, we need to defeat
this villian, any ideas?
Spirit Bomb?
Transform)
Attack before
they power up?
"
The last few days have been pretty dodgam difficult after my husband leaving me and the kid for drugs.,57,0.0,3,spMiseb.jpg,1371857598,2013-06-21 23:33:18,2014-10-01 17:45:15,False,/r/memes/comments/1gts30/the_last_few_days_have_been_pretty_dodgam/,http://i.imgur.com/spMiseb.jpg,"NOT SURE IF
I'M FEELING BETTER TODAY
OR IF REDDIT ISMORE INTERESTING
"
Krafty Pedobear,56,0.0,0,v2CF4TI.jpg,1364958947,2013-04-03 03:15:47,2014-10-10 04:42:59,False,/r/memes/comments/1bkbo9/krafty_pedobear/,http://i.imgur.com/v2CF4TI.jpg,"PEDOBEAR
forochide
at
Kraft
ane
Smooth
Crémeux
BE
20 25
TER
DAACHIDE
HE IS KRAFTY!
"
I want in!,56,0.0,3,aAUliG5.jpg,1361552884,2013-02-22 17:08:04,2014-10-11 16:58:43,False,/r/memes/comments/1912kf/i_want_in/,http://imgur.com/aAUliG5.jpg,"WHERE THE FUCK
CAN I GET A FULL TANK OF
GAS FOR 69 CENTS?
"
Johnny Bravo IRL,56,0.0,0,BWWU8n6.jpg,1365357563,2013-04-07 17:59:23,2014-10-09 08:50:43,False,/r/memes/comments/1bv2y9/johnny_bravo_irl/,http://i.imgur.com/BWWU8n6.jpg,"WE
FOUND HIM
"
This is my girlfriend and it drives me nuts.,56,0.0,3,1ivGYwH.jpg,1371081377,2013-06-12 23:56:17,2014-10-02 03:22:10,False,/r/memes/comments/1g8ebe/this_is_my_girlfriend_and_it_drives_me_nuts/,http://i.imgur.com/1ivGYwH.jpg,"ASKS WHAT YOU WANT TO
DO.
GETS MAD WHEN YOU SAY
SOMETHING SHE DOESN'T
WANT TO DO.
"
Saw a post and overly attached this face to it,56,0.0,6,KIZyebK.jpg,1370569333,2013-06-07 01:42:13,2014-10-02 16:36:30,True,/r/memes/comments/1fu1cm/saw_a_post_and_overly_attached_this_face_to_it/,http://i.imgur.com/KIZyebK.jpg,"My husband won't have sex with me
anymore...
So I masturbated with a cucumber
and served it in his salad for dinner
"
Some crazy shit must be going down,56,0.0,5,1mUJy8i.jpg,1370204032,2013-06-02 20:13:52,2014-10-02 21:25:34,False,/r/memes/comments/1fjbgw/some_crazy_shit_must_be_going_down/,http://i.imgur.com/1mUJy8i.jpg,"ANNUAL MEETING OF
TIME TRAVELLERS
"
Scumbag nerd brain,56,0.0,3,uhTe5k8.jpg,1368582854,2013-05-15 01:54:14,2014-10-03 21:15:42,False,/r/memes/comments/1ecu1p/scumbag_nerd_brain/,http://i.imgur.com/uhTe5k8.jpg,"SOLVES 4 VARIABLE DIFFERENTIAL
EQUATION
CANT COORDINATE ARMS TO
CATCH FOOTBALL
"
Orange Juicer Building,55,0.0,0,vFSnb.jpg,1358029503,2013-01-12 22:25:03,2014-10-13 12:45:41,False,/r/memes/comments/16giaa/orange_juicer_building/,http://i.imgur.com/vFSnb.jpg,"This is what I imagine
ELEVENTH
When I see this building
"
"Panda, you're out of your element. (x-post)",55,0.0,1,5ldTjgW.jpg,1365779725,2013-04-12 15:15:25,2014-10-09 04:03:30,False,/r/memes/comments/1c7kcn/panda_youre_out_of_your_element_xpost/,http://i.imgur.com/5ldTjgW.jpg,"ODONTTHINK PEOPLE SHOULD
HAVE GUNS IN BOWLING ALLIES
WELL THAT S JUST LIKE
UM
YOUR OPINION, MAN.
"
Happened to me 2nd period,55,0.0,4,XaVvkCD.jpg,1364929877,2013-04-02 19:11:17,2014-10-10 05:11:00,False,/r/memes/comments/1bj832/happened_to_me_2nd_period/,http://i.imgur.com/XaVvkCD.jpg,"SEE'S YOU FELL ASLEEP IN
CLASS
WAKES YOU UP WHEN THE
BELL RINGS
"
My reoccurring issues at work,55,0.0,6,44g3X7O.jpg,1362493968,2013-03-05 14:32:48,2014-10-11 07:20:44,False,/r/memes/comments/19ph84/my_reoccurring_issues_at_work/,http://i.imgur.com/44g3X7O.jpg,"I WANT TO WATCH VIDEOS AT
WORK
BUT I LEFT MY HEADPHONES AT
HOME
memegenerator.net
"
Boss dropped this one on me,55,0.0,3,2v7OcCb.jpg,1367690927,2013-05-04 18:08:47,2014-10-07 10:02:38,False,/r/memes/comments/1doswb/boss_dropped_this_one_on_me/,http://i.imgur.com/2v7OcCb.jpg,"YOU WORK
LIKE OLD PEOPLE
FUCK
quickmeme.com
"
Using tracking autofocus always causes this feeling,55,0.0,0,GxsPPbc.jpg,1372265772,2013-06-26 16:56:12,2014-10-01 00:15:34,False,/r/memes/comments/1h49h0/using_tracking_autofocus_always_causes_this/,http://i.imgur.com/GxsPPbc.jpg,"Tracking autofocus
Looks like
Feels like
185
UBe 83 K
"
This is how you eat a human,53,0.0,3,gkwGWy6.jpg,1361046617,2013-02-16 20:30:17,2014-10-11 22:14:12,False,/r/memes/comments/18njrt/this_is_how_you_eat_a_human/,http://i.imgur.com/gkwGWy6.jpg,"AND THAT WAS THE LAST TIME
WE SAW MIKE
"
The problem with reddit,52,0.0,2,OeVfPaJ.jpg,1359153834,2013-01-25 22:43:54,2014-10-13 01:00:53,False,/r/memes/comments/17a7bj/the_problem_with_reddit/,http://i.imgur.com/OeVfPaJ.jpg,"FINALS WEEK?
YOU MEAN REDDIT WEEK
"
"Harry, the lion.",52,0.0,0,0j080XO.png,1362194018,2013-03-02 03:13:38,2014-10-11 10:03:50,False,/r/memes/comments/19i5ai/harry_the_lion/,http://i.imgur.com/0j080XO.png,"Did you know lions can mate 50 times
in a day?
Yes harry.
Wanna play lions?
"
Argument between Greeks and Romans(and modern Italians),52,0.0,5,SZ3TT15.jpg,1362189136,2013-03-02 01:52:16,2014-10-11 10:07:08,False,/r/memes/comments/19i0eo/argument_between_greeks_and_romansand_modern/,http://i.imgur.com/SZ3TT15.jpg,"We built the ampitheatre! We built the colusseum.
We invented democracy! We invented the Roman
Empire.
Well, we invented sex! True, but we invented
having it with women.
"
MRW....,52,0.0,5,LLm8F7x.jpg,1368363455,2013-05-12 12:57:35,2014-10-04 00:04:40,False,/r/memes/comments/1e6iwm/mrw/,http://i.imgur.com/LLm8F7x.jpg,"THINK OF SOMETHING REALLY CUNNING
TO REPLY TO A REDDIT POST WITH
REALISE SOMEONES BEAT ME TO IT
quickmeme.com
"
This guy caused armed police to enter the building he was in on campus,51,0.0,3,3NWdzhL.jpg,1360897888,2013-02-15 03:11:28,2014-10-11 23:39:44,False,/r/memes/comments/18k5qd/this_guy_caused_armed_police_to_enter_the/,http://i.imgur.com/3NWdzhL.jpg,"COVE ISIN THE AIR?
GET OUT THEGAS MASK
"
I now call my neighbor Greg ,51,0.0,1,XLa4M.jpg,1357065699,2013-01-01 18:41:39,2014-10-13 22:52:49,False,/r/memes/comments/15s3dl/i_now_call_my_neighbor_greg/,http://i.imgur.com/XLa4M.jpg,"POPS A SHIT LOAD OF
FIREWORKS
CLEANS UP THE MESS
RIGHT AFTERWARDS
"
How I read all of Morgan Freeman's AMA responses,51,0.0,0,morgan-freeman-voice.jpg,1365724322,2013-04-11 23:52:02,2014-10-09 04:38:07,False,/r/memes/comments/1c66ch/how_i_read_all_of_morgan_freemans_ama_responses/,http://karenslatte.files.wordpress.com/2012/02/morgan-freeman-voice.jpg,"You are now reading this
in my voice
"
Mein Meme by Giorgos Katidis ,51,0.0,3,tiv3DlT.jpg,1363608940,2013-03-18 12:15:40,2014-10-10 19:34:26,False,/r/memes/comments/1aiqlt/mein_meme_by_giorgos_katidis/,http://i.imgur.com/tiv3DlT.jpg,"GET RICH OR
Get
rich
or
AESEL
DIE JUDEN
"
You know what they say about Winter in New England?,51,0.0,9,u0pthmY.jpg,1363383425,2013-03-15 21:37:05,2014-10-10 21:42:13,False,/r/memes/comments/1adhob/you_know_what_they_say_about_winter_in_new_england/,http://i.imgur.com/u0pthmY.jpg,"Winter in New England
3/08/13
3/15/13
If you don't like it,
wait a few days.
"
Browsing /new with people who don't tag NSFW. My jimmies? They're fucking rustled.,51,0.0,2,Qfbz21P.png,1365053843,2013-04-04 05:37:23,2014-10-10 03:26:22,True,/r/memes/comments/1bn7py/browsing_new_with_people_who_dont_tag_nsfw_my/,http://i.imgur.com/Qfbz21P.png,"AM I THE ONLY ONE AROUND
HERE
WHO DOESN'T WANT TO SEE THAT MOTHER
FUCKING SHATTERED LEG ANYMORE?
quickmeme.com
"
This always bugged me with this meme,51,0.0,2,uYmS8TL.png,1371531157,2013-06-18 04:52:37,2014-10-01 21:51:40,False,/r/memes/comments/1gkf9a/this_always_bugged_me_with_this_meme/,http://i.imgur.com/uYmS8TL.png,"It seems we are famous
on internet
Yeah, but no one knows
what we said in the
original movie scene
"
hows it hangin?,50,0.0,2,nvMqK.png,1358289235,2013-01-15 22:33:55,2014-10-13 10:16:53,False,/r/memes/comments/16n926/hows_it_hangin/,http://i.imgur.com/nvMqK.png,"HEY BRO,
P. ENNIS
HOW'S IT
HANGING?
"
What I think of Peru,50,0.0,2,IjQrLYJ.jpg,1364730018,2013-03-31 11:40:18,2014-10-10 07:46:33,False,/r/memes/comments/1bcr4h/what_i_think_of_peru/,http://i.imgur.com/IjQrLYJ.jpg,"LLAMAS
IGHTYEAR
LLAMAS EVERYWHERE
"
"Googled ""Metal Memes"" -- Was not disappoint. ",50,0.0,4,3qobp2.jpg,1363479989,2013-03-17 00:26:29,2014-10-10 20:48:05,False,/r/memes/comments/1afrt8/googled_metal_memes_was_not_disappoint/,http://i.qkme.me/3qobp2.jpg,"BLACK METAL
YES, WE STARTED IT
quickmeme.com
"
The Contemplative Monster.,50,0.0,0,q2qZCMC.jpg,1370896583,2013-06-10 20:36:23,2014-10-02 13:08:27,False,/r/memes/comments/1g2hxi/the_contemplative_monster/,http://i.imgur.com/q2qZCMC.jpg,"I Should Rampage.
"
I don't always talk on the phone...,50,0.0,15,HpgRACz.png,1367929217,2013-05-07 12:20:17,2014-10-07 07:43:35,False,/r/memes/comments/1duvkp/i_dont_always_talk_on_the_phone/,http://i.imgur.com/HpgRACz.png,"I DON'T ALWAYS TALK ON
THE PHONE
BUT WHEN I DO I
WALK EVERYWHERE
IN MY HOUSE
"
